filename,img_datetime,img_timestamp_sec,img_lat,img_lon,img_alt_m,log_idx,log_time_us,log_lat,log_lon,log_alt,roll,pitch,yaw,latlon_dist_deg
G0010740.JPG,2024:03:25 16:05:01.5030,1711362901.503,15.67895919997222,85.86674529999999,147.059,6335,1015545063.0,15.6789603,85.8667451,323.43,-3.17,20.33,217.92,1.118061317646239e-06
G0010741.JPG,2024:03:25 16:05:02.  30,1711362902.003,15.678958899972221,85.86674509999999,147.015,6335,1015545063.0,15.6789603,85.8667451,323.43,-3.17,20.33,217.92,1.4000277790415796e-06
G0010742.JPG,2024:03:25 16:05:02.5040,1711362902.504,15.678958699999999,85.86674469997222,147.004,6335,1015545063.0,15.6789603,85.8667451,323.43,-3.17,20.33,217.92,1.6492489906857114e-06
G0010743.JPG,2024:03:25 16:05:03.  40,1711362903.004,15.6789582,85.86674449997221,146.937,6335,1015545063.0,15.6789603,85.8667451,323.43,-3.17,20.33,217.92,2.184040600921373e-06
G0010744.JPG,2024:03:25 16:05:03.5050,1711362903.505,15.678958099972222,85.86674399997221,146.908,6335,1015545063.0,15.6789603,85.8667451,323.43,-3.17,20.33,217.92,2.459712047598359e-06
G0010745.JPG,2024:03:25 16:05:04.  50,1711362904.005,15.678957699972221,85.86674359999999,146.889,6335,1015545063.0,15.6789603,85.8667451,323.43,-3.17,20.33,217.92,3.001690270844718e-06
G0010746.JPG,2024:03:25 16:05:04.5060,1711362904.506,15.678957299999999,85.86674339999999,146.844,6335,1015545063.0,15.6789603,85.8667451,323.43,-3.17,20.33,217.92,3.4481879373422014e-06
G0010747.JPG,2024:03:25 16:05:05.  60,1711362905.006,15.678956899972222,85.86674319999999,146.816,6335,1015545063.0,15.6789603,85.8667451,323.43,-3.17,20.33,217.92,3.894892674445483e-06
G0010748.JPG,2024:03:25 16:05:05.5070,1711362905.507,15.678956599972222,85.86674319999999,146.803,6335,1015545063.0,15.6789603,85.8667451,323.43,-3.17,20.33,217.92,4.1593515854792804e-06
G0010749.JPG,2024:03:25 16:05:06.  70,1711362906.007,15.678956499972221,85.86674319999999,146.77,6335,1015545063.0,15.6789603,85.8667451,323.43,-3.17,20.33,217.92,4.248554010014476e-06
G0010750.JPG,2024:03:25 16:05:06.5080,1711362906.508,15.678956399999999,85.86674319999999,146.709,6335,1015545063.0,15.6789603,85.8667451,323.43,-3.17,20.33,217.92,4.338202400358298e-06
G0010751.JPG,2024:03:25 16:05:07.  80,1711362907.008,15.6789562,85.86674299997222,146.659,6334,1015444827.0,15.6789543,85.866739,323.48,-3.19,20.39,218.07,4.428292874152548e-06
G0010752.JPG,2024:03:25 16:05:07.5090,1711362907.509,15.67895599997222,85.86674269999999,146.632,6334,1015444827.0,15.6789543,85.866739,323.48,-3.19,20.39,218.07,4.071843011010331e-06
G0010753.JPG,2024:03:25 16:05:08.  90,1711362908.009,15.678955799999999,85.86674249999999,146.582,6334,1015444827.0,15.6789543,85.866739,323.48,-3.19,20.39,218.07,3.8078865447174474e-06
G0010754.JPG,2024:03:25 16:05:08.5100,1711362908.51,15.678955499999999,85.86674229997222,146.514,6334,1015444827.0,15.6789543,85.866739,323.48,-3.19,20.39,218.07,3.5113838664702126e-06
G0010755.JPG,2024:03:25 16:05:09. 100,1711362909.01,15.6789553,85.86674209997221,146.471,6334,1015444827.0,15.6789543,85.866739,323.48,-3.19,20.39,218.07,3.257273055394077e-06
G0010756.JPG,2024:03:25 16:05:09.5110,1711362909.511,15.678955199999999,85.86674189997221,146.415,6334,1015444827.0,15.6789543,85.866739,323.48,-3.19,20.39,218.07,3.0364187547405113e-06
G0010757.JPG,2024:03:25 16:05:10. 110,1711362910.011,15.678955,85.86674179997222,146.389,6334,1015444827.0,15.6789543,85.866739,323.48,-3.19,20.39,218.07,2.8861469896586006e-06
G0010758.JPG,2024:03:25 16:05:10.5120,1711362910.512,15.678954599999999,85.86674159997222,146.328,6334,1015444827.0,15.6789543,85.866739,323.48,-3.19,20.39,218.07,2.617222868499686e-06
G0010759.JPG,2024:03:25 16:05:11. 120,1711362911.012,15.678954199972221,85.86674109997222,146.319,6334,1015444827.0,15.6789543,85.866739,323.48,-3.19,20.39,218.07,2.1023531780769667e-06
G0010760.JPG,2024:03:25 16:05:11.5130,1711362911.513,15.678953899972221,85.86674099999999,146.276,6334,1015444827.0,15.6789543,85.866739,323.48,-3.19,20.39,218.07,2.039613248384227e-06
G0010761.JPG,2024:03:25 16:05:12. 130,1711362912.013,15.678953599972221,85.86674069997221,146.264,6334,1015444827.0,15.6789543,85.866739,323.48,-3.19,20.39,218.07,1.8384625169461502e-06
G0010762.JPG,2024:03:25 16:05:12.5140,1711362912.514,15.678953199999999,85.86674049999999,146.244,6334,1015444827.0,15.6789543,85.866739,323.48,-3.19,20.39,218.07,1.8601075209683587e-06
G0010763.JPG,2024:03:25 16:05:13. 140,1711362913.014,15.678952799972222,85.86674039997222,146.235,6334,1015444827.0,15.6789543,85.866739,323.48,-3.19,20.39,218.07,2.0518298046660933e-06
G0010764.JPG,2024:03:25 16:05:13.5150,1711362913.515,15.678952299999999,85.86674029999999,146.2,6334,1015444827.0,15.6789543,85.866739,323.48,-3.19,20.39,218.07,2.385372085272002e-06
G0010765.JPG,2024:03:25 16:05:14. 150,1711362914.015,15.678951999999999,85.86673999997221,146.187,6334,1015444827.0,15.6789543,85.866739,323.48,-3.19,20.39,218.07,2.5079761626360863e-06
G0010766.JPG,2024:03:25 16:05:14.5160,1711362914.516,15.67895159997222,85.86673979999999,146.169,6334,1015444827.0,15.6789543,85.866739,323.48,-3.19,20.39,218.07,2.8160522004257055e-06
G0010767.JPG,2024:03:25 16:05:15. 160,1711362915.016,15.678951399999999,85.86673969997221,146.141,6334,1015444827.0,15.6789543,85.866739,323.48,-3.19,20.39,218.07,2.983280259709578e-06
G0010768.JPG,2024:03:25 16:05:15.5170,1711362915.517,15.678950999972221,85.86673949997221,146.111,6334,1015444827.0,15.6789543,85.866739,323.48,-3.19,20.39,218.07,3.337687156380428e-06
G0010769.JPG,2024:03:25 16:05:16. 170,1711362916.017,15.678950699972221,85.8667394,146.049,6334,1015444827.0,15.6789543,85.866739,323.48,-3.19,20.39,218.07,3.622181663979844e-06
G0010770.JPG,2024:03:25 16:05:16.5180,1711362916.518,15.678950299999999,85.86673919997222,146.049,6334,1015444827.0,15.6789543,85.866739,323.48,-3.19,20.39,218.07,4.0049954922934825e-06
G0010771.JPG,2024:03:25 16:05:17. 180,1711362917.018,15.678949799972221,85.86673909999999,146.0,6334,1015444827.0,15.6789543,85.866739,323.48,-3.19,20.39,218.07,4.5011387449476765e-06
G0010772.JPG,2024:03:25 16:05:17.5190,1711362917.519,15.678949499972221,85.86673899997221,145.967,6334,1015444827.0,15.6789543,85.866739,323.48,-3.19,20.39,218.07,4.8000277779985045e-06
G0010773.JPG,2024:03:25 16:05:18. 190,1711362918.019,15.678949099999999,85.86673889999999,145.952,6334,1015444827.0,15.6789543,85.866739,323.48,-3.19,20.39,218.07,5.20096145010893e-06
G0010774.JPG,2024:03:25 16:05:18.5200,1711362918.52,15.678948499999999,85.86673879997221,145.915,6333,1015344959.0,15.6789488,85.8667334,323.76,-3.13,20.57,218.19,5.408299165908869e-06
G0010775.JPG,2024:03:25 16:05:19. 200,1711362919.02,15.678947899999999,85.86673869997222,145.868,6333,1015344959.0,15.6789488,85.8667334,323.76,-3.13,20.57,218.19,5.375844630459585e-06
G0010776.JPG,2024:03:25 16:05:19.5210,1711362919.521,15.6789474,85.86673839999999,145.842,6333,1015344959.0,15.6789488,85.8667334,323.76,-3.13,20.57,218.19,5.1923019822432755e-06
G0010777.JPG,2024:03:25 16:05:20. 210,1711362920.021,15.678946999999999,85.8667382,145.812,6333,1015344959.0,15.6789488,85.8667334,323.76,-3.13,20.57,218.19,5.126402247013077e-06
G0010778.JPG,2024:03:25 16:05:20.5220,1711362920.522,15.678946499999999,85.86673789999999,145.747,6333,1015344959.0,15.6789488,85.8667334,323.76,-3.13,20.57,218.19,5.05371149819505e-06
G0010779.JPG,2024:03:25 16:05:21. 220,1711362921.022,15.678946199999999,85.86673779997221,145.715,6333,1015344959.0,15.6789488,85.8667334,323.76,-3.13,20.57,218.19,5.110749013568793e-06
G0010780.JPG,2024:03:25 16:05:21.5230,1711362921.523,15.678945799972222,85.86673769999999,145.667,6333,1015344959.0,15.6789488,85.8667334,323.76,-3.13,20.57,218.19,5.243106574556719e-06
G0010781.JPG,2024:03:25 16:05:22. 230,1711362922.023,15.678945299999999,85.86673739999999,145.647,6333,1015344959.0,15.6789488,85.8667334,323.76,-3.13,20.57,218.19,5.31507289996649e-06
G0010782.JPG,2024:03:25 16:05:22.5240,1711362922.524,15.678944899972223,85.86673719999999,145.604,6333,1015344959.0,15.6789488,85.8667334,323.76,-3.13,20.57,218.19,5.445201242848094e-06
G0010783.JPG,2024:03:25 16:05:23. 240,1711362923.024,15.6789445,85.86673709997221,145.501,6333,1015344959.0,15.6789488,85.8667334,323.76,-3.13,20.57,218.19,5.672723716932318e-06
G0010784.JPG,2024:03:25 16:05:23.5250,1711362923.525,15.678944099999999,85.86673699999999,145.454,6333,1015344959.0,15.6789488,85.8667334,323.76,-3.13,20.57,218.19,5.920304038560029e-06
G0010785.JPG,2024:03:25 16:05:24. 250,1711362924.025,15.6789436,85.86673679997222,145.422,6333,1015344959.0,15.6789488,85.8667334,323.76,-3.13,20.57,218.19,6.212874621768488e-06
G0010786.JPG,2024:03:25 16:05:24.5260,1711362924.526,15.678943,85.86673669999999,145.402,6333,1015344959.0,15.6789488,85.8667334,323.76,-3.13,20.57,218.19,6.673080242996858e-06
G0010787.JPG,2024:03:25 16:05:25. 260,1711362925.026,15.678942499972221,85.86673639997221,145.366,6333,1015344959.0,15.6789488,85.8667334,323.76,-3.13,20.57,218.19,6.977835143077616e-06
G0010788.JPG,2024:03:25 16:05:25.5270,1711362925.527,15.678942099999999,85.86673619999999,145.362,6333,1015344959.0,15.6789488,85.8667334,323.76,-3.13,20.57,218.19,7.261542533796567e-06
G0010789.JPG,2024:03:25 16:05:26. 270,1711362926.027,15.678941599972221,85.86673569999999,145.333,6333,1015344959.0,15.6789488,85.8667334,323.76,-3.13,20.57,218.19,7.558465451610195e-06
G0010790.JPG,2024:03:25 16:05:26.5280,1711362926.528,15.678941199999999,85.86673539997221,145.316,6333,1015344959.0,15.6789488,85.8667334,323.76,-3.13,20.57,218.19,7.858746011841686e-06
G0010791.JPG,2024:03:25 16:05:27. 280,1711362927.028,15.678941,85.86673509997222,145.279,6333,1015344959.0,15.6789488,85.8667334,323.76,-3.13,20.57,218.19,7.983101248574125e-06
G0010792.JPG,2024:03:25 16:05:27.5290,1711362927.529,15.67894079997222,85.86673479999999,145.23,6333,1015344959.0,15.6789488,85.8667334,323.76,-3.13,20.57,218.19,8.121603563557142e-06
G0010793.JPG,2024:03:25 16:05:28. 290,1711362928.029,15.678940599999999,85.86673459999999,145.2,6333,1015344959.0,15.6789488,85.8667334,323.76,-3.13,20.57,218.19,8.28733974161678e-06
G0010794.JPG,2024:03:25 16:05:28.5300,1711362928.53,15.6789401,85.86673429999999,145.178,6333,1015344959.0,15.6789488,85.8667334,323.76,-3.13,20.57,218.19,8.746427841571259e-06
G0010795.JPG,2024:03:25 16:05:29. 300,1711362929.03,15.6789398,85.86673399997221,145.128,6332,1015244843.0,15.6789408,85.8667254,323.5,-3.14,20.96,218.37,8.657916719296221e-06
G0010796.JPG,2024:03:25 16:05:29.5310,1711362929.531,15.6789395,85.86673369997222,145.12,6332,1015244843.0,15.6789408,85.8667254,323.5,-3.14,20.96,218.37,8.401162934659444e-06
G0010797.JPG,2024:03:25 16:05:30. 310,1711362930.031,15.678939099972222,85.86673329999999,145.128,6332,1015244843.0,15.6789408,85.8667254,323.5,-3.14,20.96,218.37,8.08084737004643e-06
G0010798.JPG,2024:03:25 16:05:30.5320,1711362930.532,15.678938599999999,85.86673289999999,145.111,6332,1015244843.0,15.6789408,85.8667254,323.5,-3.14,20.96,218.37,7.816009193934116e-06
G0010799.JPG,2024:03:25 16:05:31. 320,1711362931.032,15.678938399972221,85.86673239999999,145.11,6332,1015244843.0,15.6789408,85.8667254,323.5,-3.14,20.96,218.37,7.400008992504853e-06
G0010800.JPG,2024:03:25 16:05:31.5330,1711362931.533,15.678938099972221,85.86673209997221,145.111,6332,1015244843.0,15.6789408,85.8667254,323.5,-3.14,20.96,218.37,7.223557124694568e-06
G0010801.JPG,2024:03:25 16:05:32. 330,1711362932.033,15.678937699999999,85.86673179997221,145.131,6332,1015244843.0,15.6789408,85.8667254,323.5,-3.14,20.96,218.37,7.111233666433276e-06
G0010802.JPG,2024:03:25 16:05:32.5340,1711362932.534,15.678937099999999,85.86673159997221,145.167,6332,1015244843.0,15.6789408,85.8667254,323.5,-3.14,20.96,218.37,7.22008693485449e-06
G0010803.JPG,2024:03:25 16:05:33. 340,1711362933.034,15.6789366,85.8667315,145.152,6332,1015244843.0,15.6789408,85.8667254,323.5,-3.14,20.96,218.37,7.406078578479802e-06
G0010804.JPG,2024:03:25 16:05:33.5350,1711362933.535,15.678936099972221,85.8667315,145.155,6332,1015244843.0,15.6789408,85.8667254,323.5,-3.14,20.96,218.37,7.70066627215111e-06
G0010805.JPG,2024:03:25 16:05:34. 350,1711362934.035,15.678935799972221,85.86673139999999,145.142,6332,1015244843.0,15.6789408,85.8667254,323.5,-3.14,20.96,218.37,7.810267447647282e-06
G0010806.JPG,2024:03:25 16:05:34.5360,1711362934.536,15.678935499972221,85.86673129997222,145.132,6332,1015244843.0,15.6789408,85.8667254,323.5,-3.14,20.96,218.37,7.93094991246435e-06
G0010807.JPG,2024:03:25 16:05:35. 360,1711362935.036,15.678935199972221,85.86673129997222,145.101,6332,1015244843.0,15.6789408,85.8667254,323.5,-3.14,20.96,218.37,8.13449341880319e-06
G0010808.JPG,2024:03:25 16:05:35.5370,1711362935.537,15.678934999972222,85.86673129997222,145.102,6332,1015244843.0,15.6789408,85.8667254,323.5,-3.14,20.96,218.37,8.27345117093264e-06
G0010809.JPG,2024:03:25 16:05:36. 370,1711362936.037,15.678934999972222,85.86673119999999,145.063,6332,1015244843.0,15.6789408,85.8667254,323.5,-3.14,20.96,218.37,8.202458290848254e-06
G0010810.JPG,2024:03:25 16:05:36.5380,1711362936.538,15.678934899972221,85.86673119999999,145.033,6332,1015244843.0,15.6789408,85.8667254,323.5,-3.14,20.96,218.37,8.273471313924336e-06
G0010811.JPG,2024:03:25 16:05:37. 380,1711362937.038,15.678934499999999,85.86673099999999,145.014,6332,1015244843.0,15.6789408,85.8667254,323.5,-3.14,20.96,218.37,8.42911619257672e-06
G0010812.JPG,2024:03:25 16:05:37.5390,1711362937.539,15.678934199999999,85.86673069999999,144.991,6332,1015244843.0,15.6789408,85.8667254,323.5,-3.14,20.96,218.37,8.464632291946578e-06
G0010813.JPG,2024:03:25 16:05:38. 390,1711362938.039,15.678933799972222,85.86673049999999,144.965,6332,1015244843.0,15.6789408,85.8667254,323.5,-3.14,20.96,218.37,8.660853808326505e-06
G0010814.JPG,2024:03:25 16:05:38.5400,1711362938.54,15.67893349997222,85.8667303,144.956,6332,1015244843.0,15.6789408,85.8667254,323.5,-3.14,20.96,218.37,8.792064916982202e-06
G0010815.JPG,2024:03:25 16:05:39. 400,1711362939.04,15.6789331,85.86673019999999,144.909,6332,1015244843.0,15.6789408,85.8667254,323.5,-3.14,20.96,218.37,9.073588035995525e-06
G0010816.JPG,2024:03:25 16:05:39.5410,1711362939.541,15.67893259997222,85.86673009997222,144.888,6332,1015244843.0,15.6789408,85.8667254,323.5,-3.14,20.96,218.37,9.451465195005675e-06
G0010817.JPG,2024:03:25 16:05:40. 410,1711362940.041,15.6789322,85.86672989997221,144.882,6331,1015144830.0,15.6789374,85.8667218,323.52,-2.86,21.36,218.51,9.625463623623701e-06
G0010818.JPG,2024:03:25 16:05:40.5420,1711362940.542,15.678931799999999,85.86672959997222,144.87,6331,1015144830.0,15.6789374,85.8667218,323.52,-2.86,21.36,218.51,9.602060544835036e-06
G0010819.JPG,2024:03:25 16:05:41. 420,1711362941.042,15.678931499972222,85.86672919997221,144.84,6331,1015144830.0,15.6789374,85.8667218,323.52,-2.86,21.36,218.51,9.464138451385982e-06
G0010820.JPG,2024:03:25 16:05:41.5430,1711362941.543,15.678931099972221,85.86672889997222,144.807,6331,1015144830.0,15.6789374,85.8667218,323.52,-2.86,21.36,218.51,9.492099640412894e-06
G0010821.JPG,2024:03:25 16:05:42. 430,1711362942.043,15.678930899972222,85.86672869997221,144.739,6331,1015144830.0,15.6789374,85.8667218,323.52,-2.86,21.36,218.51,9.479450287765603e-06
G0010822.JPG,2024:03:25 16:05:42.5440,1711362942.544,15.678930499972221,85.86672859999999,144.66,6331,1015144830.0,15.6789374,85.8667218,323.52,-2.86,21.36,218.51,9.687640748765963e-06
G0010823.JPG,2024:03:25 16:05:43. 440,1711362943.044,15.678930299972222,85.86672839997222,144.612,6331,1015144830.0,15.6789374,85.8667218,323.52,-2.86,21.36,218.51,9.693813893723346e-06
G0010824.JPG,2024:03:25 16:05:43.5450,1711362943.545,15.678929899972221,85.86672829999999,144.583,6331,1015144830.0,15.6789374,85.8667218,323.52,-2.86,21.36,218.51,9.924737611708348e-06
G0010825.JPG,2024:03:25 16:05:44. 450,1711362944.045,15.678929499999999,85.86672829999999,144.568,6331,1015144830.0,15.6789374,85.8667218,323.52,-2.86,21.36,218.51,1.0230347012622273e-05
G0010826.JPG,2024:03:25 16:05:44.5460,1711362944.546,15.67892909997222,85.86672819997221,144.547,6331,1015144830.0,15.6789374,85.8667218,323.52,-2.86,21.36,218.51,1.0480940109580945e-05
G0010827.JPG,2024:03:25 16:05:45. 460,1711362945.046,15.6789287,85.86672799997221,144.513,6331,1015144830.0,15.6789374,85.8667218,323.52,-2.86,21.36,218.51,1.0683148202933284e-05
G0010828.JPG,2024:03:25 16:05:45.5470,1711362945.547,15.678928199972221,85.86672789999999,144.497,6331,1015144830.0,15.6789374,85.8667218,323.52,-2.86,21.36,218.51,1.1038591896683345e-05
G0010829.JPG,2024:03:25 16:05:46. 470,1711362946.047,15.678927899972221,85.86672769997222,144.462,6331,1015144830.0,15.6789374,85.8667218,323.52,-2.86,21.36,218.51,1.1183031791147454e-05
G0010830.JPG,2024:03:25 16:05:46.5480,1711362946.548,15.678927399972222,85.86672759999999,144.409,6331,1015144830.0,15.6789374,85.8667218,323.52,-2.86,21.36,218.51,1.156030084074702e-05
G0010831.JPG,2024:03:25 16:05:47. 480,1711362947.048,15.678926999972221,85.86672739999999,144.363,6331,1015144830.0,15.6789374,85.8667218,323.52,-2.86,21.36,218.51,1.1811882904502271e-05
G0010832.JPG,2024:03:25 16:05:47.5490,1711362947.549,15.678926599999999,85.86672689999999,144.31,6330,1015044852.0,15.6789324,85.8667166,323.54,-2.97,21.34,218.55,1.182074446565529e-05
G0010833.JPG,2024:03:25 16:05:48. 490,1711362948.049,15.678926199972222,85.86672679997221,144.253,6330,1015044852.0,15.6789324,85.8667166,323.54,-2.97,21.34,218.55,1.1936489329680656e-05
G0010834.JPG,2024:03:25 16:05:48.5500,1711362948.55,15.6789258,85.86672659999999,144.201,6330,1015044852.0,15.6789324,85.8667166,323.54,-2.97,21.34,218.55,1.19816526317991e-05
G0010835.JPG,2024:03:25 16:05:49. 500,1711362949.05,15.678925399999999,85.86672659999999,144.159,6330,1015044852.0,15.6789324,85.8667166,323.54,-2.97,21.34,218.55,1.2206555607762509e-05
G0010836.JPG,2024:03:25 16:05:49.5510,1711362949.551,15.678925099999999,85.86672649997222,144.118,6330,1015044852.0,15.6789324,85.8667166,323.54,-2.97,21.34,218.55,1.230038413377351e-05
G0010837.JPG,2024:03:25 16:05:50. 510,1711362950.051,15.678924699972221,85.86672629997221,144.06,6330,1015044852.0,15.6789324,85.8667166,323.54,-2.97,21.34,218.55,1.2384663446844685e-05
G0010838.JPG,2024:03:25 16:05:50.5520,1711362950.552,15.678924099972221,85.86672609997221,144.029,6330,1015044852.0,15.6789324,85.8667166,323.54,-2.97,21.34,218.55,1.2615067700861161e-05
G0010839.JPG,2024:03:25 16:05:51. 520,1711362951.052,15.678923599972222,85.86672589999999,143.988,6330,1015044852.0,15.6789324,85.8667166,323.54,-2.97,21.34,218.55,1.2803534226013364e-05
G0010840.JPG,2024:03:25 16:05:51.5530,1711362951.553,15.678922999972222,85.86672579997222,143.972,6330,1015044852.0,15.6789324,85.8667166,323.54,-2.97,21.34,218.55,1.3152946853411654e-05
G0010841.JPG,2024:03:25 16:05:52. 530,1711362952.053,15.678922599972221,85.86672559997221,143.949,6330,1015044852.0,15.6789324,85.8667166,323.54,-2.97,21.34,218.55,1.3305639565486985e-05
G0010842.JPG,2024:03:25 16:05:52.5540,1711362952.554,15.678922199999999,85.86672539999999,143.918,6330,1015044852.0,15.6789324,85.8667166,323.54,-2.97,21.34,218.55,1.3471451289635082e-05
G0010843.JPG,2024:03:25 16:05:53. 540,1711362953.054,15.67892179997222,85.86672519999999,143.884,6330,1015044852.0,15.6789324,85.8667166,323.54,-2.97,21.34,218.55,1.3649929989174951e-05
G0010844.JPG,2024:03:25 16:05:53.5550,1711362953.555,15.6789214,85.86672489997221,143.885,6330,1015044852.0,15.6789324,85.8667166,323.54,-2.97,21.34,218.55,1.3780041316013887e-05
G0010845.JPG,2024:03:25 16:05:54. 550,1711362954.055,15.6789211,85.86672469999999,143.862,6330,1015044852.0,15.6789324,85.8667166,323.54,-2.97,21.34,218.55,1.3903237026694439e-05
G0010846.JPG,2024:03:25 16:05:54.5560,1711362954.556,15.6789208,85.86672449999999,143.847,6330,1015044852.0,15.6789324,85.8667166,323.54,-2.97,21.34,218.55,1.403460009361017e-05
G0010847.JPG,2024:03:25 16:05:55. 560,1711362955.056,15.678920399999999,85.86672439997221,143.842,6330,1015044852.0,15.6789324,85.8667166,323.54,-2.97,21.34,218.55,1.43122173861537e-05
G0010848.JPG,2024:03:25 16:05:55.5570,1711362955.557,15.678920099972222,85.86672449999999,143.827,6330,1015044852.0,15.6789324,85.8667166,323.54,-2.97,21.34,218.55,1.461850481845164e-05
G0010849.JPG,2024:03:25 16:05:56. 570,1711362956.057,15.678919699972221,85.86672449999999,143.825,6330,1015044852.0,15.6789324,85.8667166,323.54,-2.97,21.34,218.55,1.4956627473411363e-05
G0010850.JPG,2024:03:25 16:05:56.5580,1711362956.558,15.678919099972221,85.86672439997221,143.815,6329,1014944827.0,15.6789273,85.8667115,323.63,-2.8,21.44,218.55,1.5285605608822077e-05
G0010851.JPG,2024:03:25 16:05:57. 580,1711362957.058,15.678918799972221,85.86672429999999,143.807,6329,1014944827.0,15.6789273,85.8667115,323.63,-2.8,21.44,218.55,1.5365235828427922e-05
G0010852.JPG,2024:03:25 16:05:57.5590,1711362957.559,15.678918399999999,85.86672429999999,143.805,6329,1014944827.0,15.6789273,85.8667115,323.63,-2.8,21.44,218.55,1.5590060931405126e-05
G0010853.JPG,2024:03:25 16:05:58. 590,1711362958.059,15.6789182,85.86672429999999,143.784,6329,1014944827.0,15.6789273,85.8667115,323.63,-2.8,21.44,218.55,1.570509470914434e-05
G0010854.JPG,2024:03:25 16:05:58.5600,1711362958.56,15.6789179,85.86672419997221,143.767,6329,1014944827.0,15.6789273,85.8667115,323.63,-2.8,21.44,218.55,1.5800294120891272e-05
G0010855.JPG,2024:03:25 16:05:59. 600,1711362959.06,15.67891769997222,85.86672399999999,143.748,6329,1014944827.0,15.6789273,85.8667115,323.63,-2.8,21.44,218.55,1.5761044802869463e-05
G0010856.JPG,2024:03:25 16:05:59.5610,1711362959.561,15.678917399972221,85.86672389997221,143.735,6329,1014944827.0,15.6789273,85.8667115,323.63,-2.8,21.44,218.55,1.5867257516472375e-05
G0010857.JPG,2024:03:25 16:06:00. 610,1711362960.061,15.678916899999999,85.86672379999999,143.753,6329,1014944827.0,15.6789273,85.8667115,323.63,-2.8,21.44,218.55,1.610745168798507e-05
G0010858.JPG,2024:03:25 16:06:00.5620,1711362960.562,15.678916599999999,85.86672349999999,143.76,6329,1014944827.0,15.6789273,85.8667115,323.63,-2.8,21.44,218.55,1.6077624201662725e-05
G0010859.JPG,2024:03:25 16:06:01. 620,1711362961.062,15.678916399999999,85.86672339997222,143.759,6329,1014944827.0,15.6789273,85.8667115,323.63,-2.8,21.44,218.55,1.6137513405354005e-05
G0010860.JPG,2024:03:25 16:06:01.5630,1711362961.563,15.678916199972221,85.86672329999999,143.713,6329,1014944827.0,15.6789273,85.8667115,323.63,-2.8,21.44,218.55,1.620032766917737e-05
G0010861.JPG,2024:03:25 16:06:02. 630,1711362962.063,15.678915999972222,85.86672319997221,143.699,6329,1014944827.0,15.6789273,85.8667115,323.63,-2.8,21.44,218.55,1.6265914597995796e-05
G0010862.JPG,2024:03:25 16:06:02.5640,1711362962.564,15.678915599972221,85.86672299997221,143.645,6329,1014944827.0,15.6789273,85.8667115,323.63,-2.8,21.44,218.55,1.6405487222755057e-05
G0010863.JPG,2024:03:25 16:06:03. 640,1711362963.064,15.678915199999999,85.86672289997222,143.625,6329,1014944827.0,15.6789273,85.8667115,323.63,-2.8,21.44,218.55,1.6624360640740462e-05
G0010864.JPG,2024:03:25 16:06:03.5650,1711362963.565,15.678914699972221,85.86672279999999,143.6,6329,1014944827.0,15.6789273,85.8667115,323.63,-2.8,21.44,218.55,1.692485450311696e-05
G0010865.JPG,2024:03:25 16:06:04. 650,1711362964.065,15.678914299999999,85.86672269997221,143.575,6329,1014944827.0,15.6789273,85.8667115,323.63,-2.8,21.44,218.55,1.7159235932000996e-05
G0010866.JPG,2024:03:25 16:06:04.5660,1711362964.566,15.6789138,85.86672249997221,143.531,6329,1014944827.0,15.6789273,85.8667115,323.63,-2.8,21.44,218.55,1.7414057218155506e-05
G0010867.JPG,2024:03:25 16:06:05. 660,1711362965.066,15.6789135,85.86672219997222,143.513,6329,1014944827.0,15.6789273,85.8667115,323.63,-2.8,21.44,218.55,1.7462227966146645e-05
G0010868.JPG,2024:03:25 16:06:05.5670,1711362965.567,15.6789129,85.86672179997221,143.453,6329,1014944827.0,15.6789273,85.8667115,323.63,-2.8,21.44,218.55,1.7704503033539277e-05
G0010869.JPG,2024:03:25 16:06:06. 670,1711362966.067,15.678912499972222,85.86672149997221,143.456,6329,1014944827.0,15.6789273,85.8667115,323.63,-2.8,21.44,218.55,1.7861698313312107e-05
G0010870.JPG,2024:03:25 16:06:06.5680,1711362966.568,15.678911799972221,85.86672129997221,143.42,6328,1014844856.0,15.6789218,85.866706,323.56,-3.07,21.55,218.55,1.8278120950111926e-05
G0010871.JPG,2024:03:25 16:06:07. 680,1711362967.068,15.678911399999999,85.86672109999999,143.395,6328,1014844856.0,15.6789218,85.866706,323.56,-3.07,21.55,218.55,1.8334939323050786e-05
G0010872.JPG,2024:03:25 16:06:07.5690,1711362967.569,15.678910899972221,85.86672089999999,143.371,6328,1014844856.0,15.6789218,85.866706,323.56,-3.07,21.55,218.55,1.846132729409611e-05
G0010873.JPG,2024:03:25 16:06:08. 690,1711362968.069,15.6789106,85.86672059997221,143.351,6328,1014844856.0,15.6789218,85.866706,323.56,-3.07,21.55,218.55,1.8401064880864155e-05
G0010874.JPG,2024:03:25 16:06:08.5700,1711362968.57,15.678909899999999,85.86672049997222,143.318,6328,1014844856.0,15.6789218,85.866706,323.56,-3.07,21.55,218.55,1.8757910184856815e-05
G0010875.JPG,2024:03:25 16:06:09. 700,1711362969.07,15.678909499972221,85.86672049997222,143.286,6328,1014844856.0,15.6789218,85.866706,323.56,-3.07,21.55,218.55,1.9014202003856718e-05
G0010876.JPG,2024:03:25 16:06:09.5710,1711362969.571,15.678908999999999,85.86672039999999,143.245,6328,1014844856.0,15.6789218,85.866706,323.56,-3.07,21.55,218.55,1.9266551324630197e-05
G0010877.JPG,2024:03:25 16:06:10. 710,1711362970.071,15.678908699972222,85.86672039999999,143.217,6328,1014844856.0,15.6789218,85.866706,323.56,-3.07,21.55,218.55,1.9467170510861136e-05
G0010878.JPG,2024:03:25 16:06:10.5720,1711362970.572,15.678908299972221,85.86672009997221,143.191,6328,1014844856.0,15.6789218,85.866706,323.56,-3.07,21.55,218.55,1.9520757326394843e-05
G0010879.JPG,2024:03:25 16:06:11. 720,1711362971.072,15.678907999972221,85.86671999999999,143.162,6328,1014844856.0,15.6789218,85.866706,323.56,-3.07,21.55,218.55,1.9658096715796813e-05
G0010880.JPG,2024:03:25 16:06:11.5730,1711362971.573,15.678907599999999,85.86671999999999,143.129,6328,1014844856.0,15.6789218,85.866706,323.56,-3.07,21.55,218.55,1.994091271299182e-05
G0010881.JPG,2024:03:25 16:06:12. 730,1711362972.073,15.678907199972222,85.86671999999999,143.13,6328,1014844856.0,15.6789218,85.866706,323.56,-3.07,21.55,218.55,2.022772381892366e-05
G0010882.JPG,2024:03:25 16:06:12.5740,1711362972.574,15.6789068,85.86671989999999,143.078,6328,1014844856.0,15.6789218,85.866706,323.56,-3.07,21.55,218.55,2.0450183372172866e-05
G0010883.JPG,2024:03:25 16:06:13. 740,1711362973.074,15.678906399999999,85.86671969999999,143.063,6328,1014844856.0,15.6789218,85.866706,323.56,-3.07,21.55,218.55,2.061188977085667e-05
G0010884.JPG,2024:03:25 16:06:13.5750,1711362973.575,15.678906099999999,85.86671929997222,143.025,6328,1014844856.0,15.6789218,85.866706,323.56,-3.07,21.55,218.55,2.057618189010849e-05
G0010885.JPG,2024:03:25 16:06:14. 750,1711362974.075,15.678905799999999,85.86671919999999,142.997,6328,1014844856.0,15.6789218,85.866706,323.56,-3.07,21.55,218.55,2.0742227458984772e-05
G0010886.JPG,2024:03:25 16:06:14.5760,1711362974.576,15.678905199999999,85.86671869999999,142.97,6328,1014844856.0,15.6789218,85.866706,323.56,-3.07,21.55,218.55,2.0900956915697143e-05
G0010887.JPG,2024:03:25 16:06:15. 760,1711362975.076,15.678904799972221,85.86671839997221,142.959,6328,1014844856.0,15.6789218,85.866706,323.56,-3.07,21.55,218.55,2.1041869107491335e-05
G0010888.JPG,2024:03:25 16:06:15.5770,1711362975.577,15.678904399999999,85.86671809997222,142.924,6328,1014844856.0,15.6789218,85.866706,323.56,-3.07,21.55,218.55,2.1193615261556355e-05
G0010889.JPG,2024:03:25 16:06:16. 770,1711362976.077,15.678904199972221,85.86671789997222,142.913,6327,1014744847.0,15.6789171,85.8667011,323.59,-3.5,21.85,218.53,2.118135460999033e-05
G0010890.JPG,2024:03:25 16:06:16.5780,1711362976.578,15.678903799999999,85.86671739997222,142.888,6327,1014744847.0,15.6789171,85.8667011,323.59,-3.5,21.85,218.53,2.1037563886519565e-05
G0010891.JPG,2024:03:25 16:06:17. 780,1711362977.078,15.678903199999999,85.86671709999999,142.86,6327,1014744847.0,15.6789171,85.8667011,323.59,-3.5,21.85,218.53,2.119457476900004e-05
G0010892.JPG,2024:03:25 16:06:17.5790,1711362977.579,15.678902899999999,85.8667169,142.828,6327,1014744847.0,15.6789171,85.8667011,323.59,-3.5,21.85,218.53,2.124335190166258e-05
G0010893.JPG,2024:03:25 16:06:18. 790,1711362978.079,15.67890279997222,85.86671669997222,142.793,6327,1014744847.0,15.6789171,85.8667011,323.59,-3.5,21.85,218.53,2.1162465064210234e-05
G0010894.JPG,2024:03:25 16:06:18.5800,1711362978.58,15.67890249997222,85.86671659999999,142.763,6327,1014744847.0,15.6789171,85.8667011,323.59,-3.5,21.85,218.53,2.129344525454595e-05
G0010895.JPG,2024:03:25 16:06:19. 800,1711362979.08,15.6789024,85.86671639999999,142.756,6327,1014744847.0,15.6789171,85.8667011,323.59,-3.5,21.85,218.53,2.1217445642333484e-05
G0010896.JPG,2024:03:25 16:06:19.5810,1711362979.581,15.67890249997222,85.86671599997221,142.724,6327,1014744847.0,15.6789171,85.8667011,323.59,-3.5,21.85,218.53,2.086072825014321e-05
G0010897.JPG,2024:03:25 16:06:20. 810,1711362980.081,15.67890249997222,85.8667157,142.706,6327,1014744847.0,15.6789171,85.8667011,323.59,-3.5,21.85,218.53,2.064753765326393e-05
G0010898.JPG,2024:03:25 16:06:20.5820,1711362980.582,15.678901999999999,85.86671549997222,142.704,6327,1014744847.0,15.6789171,85.8667011,323.59,-3.5,21.85,218.53,2.086550262577294e-05
G0010899.JPG,2024:03:25 16:06:21. 820,1711362981.082,15.678901699999999,85.86671529997221,142.697,6327,1014744847.0,15.6789171,85.8667011,323.59,-3.5,21.85,218.53,2.094753472064113e-05
G0010900.JPG,2024:03:25 16:06:21.5830,1711362981.583,15.6789015,85.86671489999999,142.667,6327,1014744847.0,15.6789171,85.8667011,323.59,-3.5,21.85,218.53,2.0827865942619343e-05
G0010901.JPG,2024:03:25 16:06:22. 830,1711362982.083,15.678901299972221,85.86671469999999,142.662,6327,1014744847.0,15.6789171,85.8667011,323.59,-3.5,21.85,218.53,2.0847083188974e-05
G0010902.JPG,2024:03:25 16:06:22.5840,1711362982.584,15.678900899999999,85.86671449999999,142.674,6327,1014744847.0,15.6789171,85.8667011,323.59,-3.5,21.85,218.53,2.102379603353256e-05
G0010903.JPG,2024:03:25 16:06:23. 840,1711362983.084,15.678900599999999,85.86671439999999,142.632,6327,1014744847.0,15.6789171,85.8667011,323.59,-3.5,21.85,218.53,2.119292334293104e-05
G0010904.JPG,2024:03:25 16:06:23.5850,1711362983.585,15.678900099972221,85.86671439999999,142.582,6327,1014744847.0,15.6789171,85.8667011,323.59,-3.5,21.85,218.53,2.1584507042156344e-05
G0010905.JPG,2024:03:25 16:06:24. 850,1711362984.085,15.678899899972222,85.86671449999999,142.511,6327,1014744847.0,15.6789171,85.8667011,323.59,-3.5,21.85,218.53,2.180369131963047e-05
G0010906.JPG,2024:03:25 16:06:24.5860,1711362984.586,15.678899899972222,85.86671459997221,142.465,6327,1014744847.0,15.6789171,85.8667011,323.59,-3.5,21.85,218.53,2.1865273958108706e-05
G0010907.JPG,2024:03:25 16:06:25. 860,1711362985.086,15.678899899972222,85.86671449999999,142.433,6327,1014744847.0,15.6789171,85.8667011,323.59,-3.5,21.85,218.53,2.180369131963047e-05
G0010908.JPG,2024:03:25 16:06:25.5870,1711362985.587,15.678899799972221,85.86671429997222,142.381,6327,1014744847.0,15.6789171,85.8667011,323.59,-3.5,21.85,218.53,2.1760749702773865e-05
G0010909.JPG,2024:03:25 16:06:26. 870,1711362986.087,15.678899699999999,85.86671409997221,142.357,6327,1014744847.0,15.6789171,85.8667011,323.59,-3.5,21.85,218.53,2.1720020202053825e-05
G0010910.JPG,2024:03:25 16:06:26.5880,1711362986.588,15.678899599972222,85.86671379997222,142.345,6327,1014744847.0,15.6789171,85.8667011,323.59,-3.5,21.85,218.53,2.162267944802198e-05
G0010911.JPG,2024:03:25 16:06:27. 880,1711362987.088,15.678899499972221,85.86671349999999,142.35,6327,1014744847.0,15.6789171,85.8667011,323.59,-3.5,21.85,218.53,2.152953732697088e-05
G0010912.JPG,2024:03:25 16:06:27.5890,1711362987.589,15.6788992,85.86671319999999,142.328,6326,1014645149.0,15.678912,85.8666958,323.66,-3.84,22.21,218.48,2.1600925898385055e-05
G0010913.JPG,2024:03:25 16:06:28. 890,1711362988.089,15.6788989,85.86671289997221,142.322,6326,1014645149.0,15.678912,85.8666958,323.66,-3.84,22.21,218.48,2.154110140276794e-05
G0010914.JPG,2024:03:25 16:06:28.5900,1711362988.59,15.678898499999999,85.86671269997221,142.329,6326,1014645149.0,15.678912,85.8666958,323.66,-3.84,22.21,218.48,2.1630049947035604e-05
G0010915.JPG,2024:03:25 16:06:29. 900,1711362989.09,15.678898099972221,85.86671239997222,142.321,6326,1014645149.0,15.678912,85.8666958,323.66,-3.84,22.21,218.48,2.1651093499773543e-05
G0010916.JPG,2024:03:25 16:06:29.5910,1711362989.591,15.6788977,85.86671229999999,142.302,6326,1014645149.0,15.678912,85.8666958,323.66,-3.84,22.21,218.48,2.1834376555491766e-05
G0010917.JPG,2024:03:25 16:06:30. 910,1711362990.091,15.678897299972222,85.86671199999999,142.313,6326,1014645149.0,15.678912,85.8666958,323.66,-3.84,22.21,218.48,2.187534722846832e-05
G0010918.JPG,2024:03:25 16:06:30.5920,1711362990.592,15.678896999972222,85.86671199999999,142.312,6326,1014645149.0,15.678912,85.8666958,323.66,-3.84,22.21,218.48,2.2078062257171448e-05
G0010919.JPG,2024:03:25 16:06:31. 920,1711362991.092,15.678896699972222,85.86671209999999,142.349,6326,1014645149.0,15.678912,85.8666958,323.66,-3.84,22.21,218.48,2.235577888380309e-05
G0010920.JPG,2024:03:25 16:06:31.5930,1711362991.593,15.678896499999999,85.86671209999999,142.371,6326,1014645149.0,15.678912,85.8666958,323.66,-3.84,22.21,218.48,2.2493110046093758e-05
G0010921.JPG,2024:03:25 16:06:32. 930,1711362992.093,15.678896199999999,85.86671209999999,142.415,6326,1014645149.0,15.678912,85.8666958,323.66,-3.84,22.21,218.48,2.2700881030154664e-05
G0010922.JPG,2024:03:25 16:06:32.5940,1711362992.594,15.678895999972221,85.86671189997222,142.47,6326,1014645149.0,15.678912,85.8666958,323.66,-3.84,22.21,218.48,2.2698237689895305e-05
G0010923.JPG,2024:03:25 16:06:33. 940,1711362993.094,15.678895999972221,85.86671179999999,142.515,6326,1014645149.0,15.678912,85.8666958,323.66,-3.84,22.21,218.48,2.2627436632320898e-05
G0010924.JPG,2024:03:25 16:06:33.5950,1711362993.595,15.678895799972222,85.86671179999999,142.558,6326,1014645149.0,15.678912,85.8666958,323.66,-3.84,22.21,218.48,2.276929730189245e-05
G0010925.JPG,2024:03:25 16:06:34. 950,1711362994.095,15.6788957,85.86671149997221,142.596,6326,1014645149.0,15.678912,85.8666958,323.66,-3.84,22.21,218.48,2.263137484532337e-05
G0010926.JPG,2024:03:25 16:06:34.5960,1711362994.596,15.67889549997222,85.86671129999999,142.603,6326,1014645149.0,15.678912,85.8666958,323.66,-3.84,22.21,218.48,2.2638483085156027e-05
G0010927.JPG,2024:03:25 16:06:35. 960,1711362995.096,15.6788951,85.86671099997221,142.623,6326,1014645149.0,15.678912,85.8666958,323.66,-3.84,22.21,218.48,2.272991762448412e-05
G0010928.JPG,2024:03:25 16:06:35.5970,1711362995.597,15.67889489997222,85.86671089999999,142.639,6326,1014645149.0,15.678912,85.8666958,323.66,-3.84,22.21,218.48,2.281273656527557e-05
G0010929.JPG,2024:03:25 16:06:36. 970,1711362996.097,15.678894599972221,85.86671069997222,142.672,6326,1014645149.0,15.678912,85.8666958,323.66,-3.84,22.21,218.48,2.2907861941118265e-05
G0010930.JPG,2024:03:25 16:06:36.5980,1711362996.598,15.6788942,85.86671029997221,142.687,6326,1014645149.0,15.678912,85.8666958,323.66,-3.84,22.21,218.48,2.2958423161996515e-05
G0010931.JPG,2024:03:25 16:06:37. 980,1711362997.098,15.678893799999999,85.86670959997221,142.691,6326,1014645149.0,15.678912,85.8666958,323.66,-3.84,22.21,218.48,2.284029844382901e-05
G0010932.JPG,2024:03:25 16:06:37.5990,1711362997.599,15.678893499972222,85.86670909997221,142.701,6326,1014645149.0,15.678912,85.8666958,323.66,-3.84,22.21,218.48,2.2784650284194786e-05
G0010933.JPG,2024:03:25 16:06:38. 990,1711362998.099,15.678892899972222,85.86670889999999,142.662,6325,1014545045.0,15.6789076,85.8666912,323.69,-3.77,22.36,218.41,2.3008277123745715e-05
G0010934.JPG,2024:03:25 16:06:38.6000,1711362998.6,15.678892399999999,85.86670889999999,142.65,6325,1014545045.0,15.6789076,85.8666912,323.69,-3.77,22.36,218.41,2.3330880814460633e-05
G0010935.JPG,2024:03:25 16:06:39.1000,1711362999.1,15.6788919,85.86670869999999,142.619,6325,1014545045.0,15.6789076,85.8666912,323.69,-3.77,22.36,218.41,2.351042320895702e-05
G0010936.JPG,2024:03:25 16:06:39.6010,1711362999.601,15.678891499999999,85.86670839997221,142.593,6325,1014545045.0,15.6789076,85.8666912,323.69,-3.77,22.36,218.41,2.3559478855153916e-05
G0010937.JPG,2024:03:25 16:06:40.1010,1711363000.101,15.67889109997222,85.8667078,142.563,6325,1014545045.0,15.6789076,85.8666912,323.69,-3.77,22.36,218.41,2.340536085097184e-05
G0010938.JPG,2024:03:25 16:06:40.6020,1711363000.602,15.6788907,85.86670749999999,142.534,6325,1014545045.0,15.6789076,85.8666912,323.69,-3.77,22.36,218.41,2.3479778523297116e-05
G0010939.JPG,2024:03:25 16:06:41.1020,1711363001.102,15.678890299999999,85.86670729999999,142.509,6325,1014545045.0,15.6789076,85.8666912,323.69,-3.77,22.36,218.41,2.3632604585045696e-05
G0010940.JPG,2024:03:25 16:06:41.6030,1711363001.603,15.678889899972221,85.86670699999999,142.444,6325,1014545045.0,15.6789076,85.8666912,323.69,-3.77,22.36,218.41,2.372616662971968e-05
G0010941.JPG,2024:03:25 16:06:42.1030,1711363002.103,15.678889699972222,85.86670689997221,142.421,6325,1014545045.0,15.6789076,85.8666912,323.69,-3.77,22.36,218.41,2.380966446294032e-05
G0010942.JPG,2024:03:25 16:06:42.6040,1711363002.604,15.678889299972221,85.86670649999999,142.349,6325,1014545045.0,15.6789076,85.8666912,323.69,-3.77,22.36,218.41,2.3853322961928763e-05
G0010943.JPG,2024:03:25 16:06:43.1040,1711363003.104,15.678889399972222,85.86670619997221,142.338,6325,1014545045.0,15.6789076,85.8666912,323.69,-3.77,22.36,218.41,2.358474459004441e-05
G0010944.JPG,2024:03:25 16:06:43.6050,1711363003.605,15.678889299972221,85.86670629999999,142.303,6325,1014545045.0,15.6789076,85.8666912,323.69,-3.77,22.36,218.41,2.372553511010265e-05
G0010945.JPG,2024:03:25 16:06:44.1050,1711363004.105,15.678889099972222,85.86670609999999,142.309,6325,1014545045.0,15.6789076,85.8666912,323.69,-3.77,22.36,218.41,2.3754179153656103e-05
G0010946.JPG,2024:03:25 16:06:44.6060,1711363004.606,15.678889099972222,85.86670589997222,142.289,6325,1014545045.0,15.6789076,85.8666912,323.69,-3.77,22.36,218.41,2.362922366104397e-05
G0010947.JPG,2024:03:25 16:06:45.1060,1711363005.106,15.678888799972222,85.86670549997221,142.308,6325,1014545045.0,15.6789076,85.8666912,323.69,-3.77,22.36,218.41,2.3620547190645958e-05
G0010948.JPG,2024:03:25 16:06:45.6070,1711363005.607,15.678888599999999,85.86670519997222,142.28,6325,1014545045.0,15.6789076,85.8666912,323.69,-3.77,22.36,218.41,2.3600830959350924e-05
G0010949.JPG,2024:03:25 16:06:46.1070,1711363006.107,15.678888299999999,85.86670489999999,142.269,6324,1014444934.0,15.6789027,85.8666862,323.67,-3.6,22.59,218.4,2.360190669079533e-05
G0010950.JPG,2024:03:25 16:06:46.6080,1711363006.608,15.6788881,85.86670459999999,142.252,6324,1014444934.0,15.6789027,85.8666862,323.67,-3.6,22.59,218.4,2.3488720687769963e-05
G0010951.JPG,2024:03:25 16:06:47.1080,1711363007.108,15.6788878,85.86670429997221,142.252,6324,1014444934.0,15.6789027,85.8666862,323.67,-3.6,22.59,218.4,2.3443954315959924e-05
G0010952.JPG,2024:03:25 16:06:47.6090,1711363007.609,15.678887399999999,85.86670399997222,142.243,6324,1014444934.0,15.6789027,85.8666862,323.67,-3.6,22.59,218.4,2.347187701923092e-05
G0010953.JPG,2024:03:25 16:06:48.1090,1711363008.109,15.678887099999999,85.86670359997221,142.295,6324,1014444934.0,15.6789027,85.8666862,323.67,-3.6,22.59,218.4,2.3369189820624113e-05
G0010954.JPG,2024:03:25 16:06:48.6100,1711363008.61,15.678886699972221,85.86670329997222,142.311,6324,1014444934.0,15.6789027,85.8666862,323.67,-3.6,22.59,218.4,2.3418154038454747e-05
G0010955.JPG,2024:03:25 16:06:49.1100,1711363009.11,15.6788863,85.86670319999999,142.322,6324,1014444934.0,15.6789027,85.8666862,323.67,-3.6,22.59,218.4,2.3621176928778282e-05
G0010956.JPG,2024:03:25 16:06:49.6110,1711363009.611,15.678885999999999,85.86670309997221,142.344,6324,1014444934.0,15.6789027,85.8666862,323.67,-3.6,22.59,218.4,2.3759188974448666e-05
G0010957.JPG,2024:03:25 16:06:50.1110,1711363010.111,15.678885499972221,85.86670299999999,142.343,6324,1014444934.0,15.6789027,85.8666862,323.67,-3.6,22.59,218.4,2.4043314144074086e-05
G0010958.JPG,2024:03:25 16:06:50.6120,1711363010.612,15.678885399999999,85.86670289999999,142.304,6324,1014444934.0,15.6789027,85.8666862,323.67,-3.6,22.59,218.4,2.4045373768894064e-05
G0010959.JPG,2024:03:25 16:06:51.1120,1711363011.112,15.678885399999999,85.86670279997222,142.256,6324,1014444934.0,15.6789027,85.8666862,323.67,-3.6,22.59,218.4,2.3976010458709283e-05
G0010960.JPG,2024:03:25 16:06:51.6130,1711363011.613,15.678885299972222,85.86670279997222,142.201,6324,1014444934.0,15.6789027,85.8666862,323.67,-3.6,22.59,218.4,2.4048285679687965e-05
G0010961.JPG,2024:03:25 16:06:52.1130,1711363012.113,15.678885099999999,85.86670249999999,142.179,6324,1014444934.0,15.6789027,85.8666862,323.67,-3.6,22.59,218.4,2.398853892052132e-05
G0010962.JPG,2024:03:25 16:06:52.6140,1711363012.614,15.678884799999999,85.86670219999999,142.161,6324,1014444934.0,15.6789027,85.8666862,323.67,-3.6,22.59,218.4,2.4008540140230426e-05
G0010963.JPG,2024:03:25 16:06:53.1140,1711363013.114,15.678884499999999,85.86670199999999,142.133,6324,1014444934.0,15.6789027,85.8666862,323.67,-3.6,22.59,218.4,2.410145223000247e-05
G0010964.JPG,2024:03:25 16:06:53.6150,1711363013.615,15.678884199999999,85.86670189997221,142.102,6324,1014444934.0,15.6789027,85.8666862,323.67,-3.6,22.59,218.4,2.4263947070137806e-05
G0010965.JPG,2024:03:25 16:06:54.1150,1711363014.115,15.678883899999999,85.86670169997221,142.081,6324,1014444934.0,15.6789027,85.8666862,323.67,-3.6,22.59,218.4,2.4365736977674675e-05
G0010966.JPG,2024:03:25 16:06:54.6160,1711363014.616,15.6788837,85.86670139997221,142.041,6324,1014444934.0,15.6789027,85.8666862,323.67,-3.6,22.59,218.4,2.4331854742388716e-05
G0010967.JPG,2024:03:25 16:06:55.1160,1711363015.116,15.678883299999999,85.86670099999999,142.001,6324,1014444934.0,15.6789027,85.8666862,323.67,-3.6,22.59,218.4,2.4400819652099638e-05
G0010968.JPG,2024:03:25 16:06:55.6170,1711363015.617,15.678882899972221,85.86670079999999,141.967,6323,1014344851.0,15.6788985,85.8666819,323.61,-3.33,22.7,218.47,2.4506547415241343e-05
G0010969.JPG,2024:03:25 16:06:56.1170,1711363016.117,15.678882599972221,85.86670069997221,141.91,6323,1014344851.0,15.6788985,85.8666819,323.61,-3.33,22.7,218.47,2.462214122486226e-05
G0010970.JPG,2024:03:25 16:06:56.6180,1711363016.618,15.678882299972221,85.86670059999999,141.88,6323,1014344851.0,15.6788985,85.8666819,323.61,-3.33,22.7,218.47,2.4741279260907397e-05
G0010971.JPG,2024:03:25 16:06:57.1180,1711363017.118,15.678882199999999,85.86670049997221,141.815,6323,1014344851.0,15.6788985,85.8666819,323.61,-3.33,22.7,218.47,2.473153788588724e-05
G0010972.JPG,2024:03:25 16:06:57.6190,1711363017.619,15.678881999972221,85.86670049997221,141.767,6323,1014344851.0,15.6788985,85.8666819,323.61,-3.33,22.7,218.47,2.486382679433447e-05
G0010973.JPG,2024:03:25 16:06:58.1190,1711363018.119,15.678881699972221,85.86670039997222,141.753,6323,1014344851.0,15.6788985,85.8666819,323.61,-3.33,22.7,218.47,2.498979602363699e-05
G0010974.JPG,2024:03:25 16:06:58.6200,1711363018.62,15.678881399972221,85.86670049997221,141.756,6323,1014344851.0,15.6788985,85.8666819,323.61,-3.33,22.7,218.47,2.5265983380644984e-05
G0010975.JPG,2024:03:25 16:06:59.1200,1711363019.12,15.678881299999999,85.86670049997221,141.711,6323,1014344851.0,15.6788985,85.8666819,323.61,-3.33,22.7,218.47,2.53337515224291e-05
G0010976.JPG,2024:03:25 16:06:59.6210,1711363019.621,15.678881099972221,85.86670039997222,141.694,6323,1014344851.0,15.6788985,85.8666819,323.61,-3.33,22.7,218.47,2.539704586433695e-05
G0010977.JPG,2024:03:25 16:07:00.1210,1711363020.121,15.678880699999999,85.86670029999999,141.667,6323,1014344851.0,15.6788985,85.8666819,323.61,-3.33,22.7,218.47,2.560078123056291e-05
G0010978.JPG,2024:03:25 16:07:00.6220,1711363020.622,15.678880399999999,85.86670019997221,141.644,6323,1014344851.0,15.6788985,85.8666819,323.61,-3.33,22.7,218.47,2.5739055596619318e-05
G0010979.JPG,2024:03:25 16:07:01.1220,1711363021.122,15.67887999997222,85.86670009999999,141.627,6323,1014344851.0,15.6788985,85.8666819,323.61,-3.33,22.7,218.47,2.5951705672716106e-05
G0010980.JPG,2024:03:25 16:07:01.6230,1711363021.623,15.678879499999999,85.8666999,141.592,6323,1014344851.0,15.6788985,85.8666819,323.61,-3.33,22.7,218.47,2.6172504655953324e-05
G0010981.JPG,2024:03:25 16:07:02.1230,1711363022.123,15.678878899999999,85.8666999,141.54,6323,1014344851.0,15.6788985,85.8666819,323.61,-3.33,22.7,218.47,2.6611275804897892e-05
G0010982.JPG,2024:03:25 16:07:02.6240,1711363022.624,15.678878399999999,85.8666999,141.48,6323,1014344851.0,15.6788985,85.8666819,323.61,-3.33,22.7,218.47,2.6981660437910037e-05
G0010983.JPG,2024:03:25 16:07:03.1240,1711363023.124,15.678877899972221,85.86669979999999,141.437,6323,1014344851.0,15.6788985,85.8666819,323.61,-3.33,22.7,218.47,2.7290495490611988e-05
G0010984.JPG,2024:03:25 16:07:03.6250,1711363023.625,15.678877599972221,85.86669949997221,141.398,6323,1014344851.0,15.6788985,85.8666819,323.61,-3.33,22.7,218.47,2.732343651499317e-05
G0010985.JPG,2024:03:25 16:07:04.1250,1711363024.125,15.678877299972221,85.86669949997221,141.379,6323,1014344851.0,15.6788985,85.8666819,323.61,-3.33,22.7,218.47,2.755358778189516e-05
G0010986.JPG,2024:03:25 16:07:04.6260,1711363024.626,15.678877099972222,85.86669939999999,141.326,6323,1014344851.0,15.6788985,85.8666819,323.61,-3.33,22.7,218.47,2.7644369921553484e-05
G0010987.JPG,2024:03:25 16:07:05.1260,1711363025.126,15.678876799972222,85.86669929997221,141.28,6323,1014344851.0,15.6788985,85.8666819,323.61,-3.33,22.7,218.47,2.781456881588969e-05
G0010988.JPG,2024:03:25 16:07:05.6270,1711363025.627,15.67887649997222,85.86669909999999,141.236,6323,1014344851.0,15.6788985,85.8666819,323.61,-3.33,22.7,218.47,2.792563735890283e-05
G0010989.JPG,2024:03:25 16:07:06.1270,1711363026.127,15.67887619997222,85.86669869999999,141.205,6323,1014344851.0,15.6788985,85.8666819,323.61,-3.33,22.7,218.47,2.7920086647779352e-05
G0010990.JPG,2024:03:25 16:07:06.6280,1711363026.628,15.678875999999999,85.86669819999999,141.149,6323,1014344851.0,15.6788985,85.8666819,323.61,-3.33,22.7,218.47,2.778380822662474e-05
G0010991.JPG,2024:03:25 16:07:07.1280,1711363027.128,15.678875699999999,85.86669769999999,141.076,6323,1014344851.0,15.6788985,85.8666819,323.61,-3.33,22.7,218.47,2.7739502512270754e-05
G0010992.JPG,2024:03:25 16:07:07.6290,1711363027.629,15.6788755,85.86669749999999,141.03,6322,1014244858.0,15.6788925,85.8666756,323.87,-3.16,22.37,218.51,2.7723816470404654e-05
G0010993.JPG,2024:03:25 16:07:08.1290,1711363028.129,15.678875299972221,85.86669729997222,141.026,6322,1014244858.0,15.6788925,85.8666756,323.87,-3.16,22.37,218.51,2.768988533853663e-05
G0010994.JPG,2024:03:25 16:07:08.6300,1711363028.63,15.678875099999999,85.86669739999999,141.007,6322,1014244858.0,15.6788925,85.8666756,323.87,-3.16,22.37,218.51,2.789265136167098e-05
G0010995.JPG,2024:03:25 16:07:09.1300,1711363029.13,15.678874699972221,85.86669739999999,140.989,6322,1014244858.0,15.6788925,85.8666756,323.87,-3.16,22.37,218.51,2.8143933429470184e-05
G0010996.JPG,2024:03:25 16:07:09.6310,1711363029.631,15.678874399972221,85.86669739999999,140.998,6322,1014244858.0,15.6788925,85.8666756,323.87,-3.16,22.37,218.51,2.833462555863515e-05
G0010997.JPG,2024:03:25 16:07:10.1310,1711363030.131,15.678874099972221,85.86669729997222,140.999,6322,1014244858.0,15.6788925,85.8666756,323.87,-3.16,22.37,218.51,2.8450831564716385e-05
G0010998.JPG,2024:03:25 16:07:10.6320,1711363030.632,15.678873999999999,85.86669719999999,140.994,6322,1014244858.0,15.6788925,85.8666756,323.87,-3.16,22.37,218.51,2.84395850866456e-05
G0010999.JPG,2024:03:25 16:07:11.1320,1711363031.132,15.678873799972221,85.86669719999999,140.993,6322,1014244858.0,15.6788925,85.8666756,323.87,-3.16,22.37,218.51,2.8570107433794526e-05
G0011000.JPG,2024:03:25 16:07:11.6330,1711363031.633,15.678873599972222,85.86669699999999,140.949,6322,1014244858.0,15.6788925,85.8666756,323.87,-3.16,22.37,218.51,2.8551200495695714e-05
G0011001.JPG,2024:03:25 16:07:12.1330,1711363032.133,15.678873499972221,85.86669689997221,140.942,6322,1014244858.0,15.6788925,85.8666756,323.87,-3.16,22.37,218.51,2.854277267676583e-05
G0011002.JPG,2024:03:25 16:07:12.6340,1711363032.634,15.678873199972221,85.86669669999999,140.938,6322,1014244858.0,15.6788925,85.8666756,323.87,-3.16,22.37,218.51,2.8595472931323192e-05
G0011003.JPG,2024:03:25 16:07:13.1340,1711363033.134,15.678873099999999,85.86669659997222,140.946,6322,1014244858.0,15.6788925,85.8666756,323.87,-3.16,22.37,218.51,2.858948816175732e-05
G0011004.JPG,2024:03:25 16:07:13.6350,1711363033.635,15.678872799999999,85.86669629999999,140.928,6322,1014244858.0,15.6788925,85.8666756,323.87,-3.16,22.37,218.51,2.857586393726341e-05
G0011005.JPG,2024:03:25 16:07:14.1350,1711363034.135,15.6788726,85.86669599999999,140.922,6322,1014244858.0,15.6788925,85.8666756,323.87,-3.16,22.37,218.51,2.8498596454281348e-05
G0011006.JPG,2024:03:25 16:07:14.6360,1711363034.636,15.67887239997222,85.86669579999999,140.918,6322,1014244858.0,15.6788925,85.8666756,323.87,-3.16,22.37,218.51,2.8496510602116733e-05
G0011007.JPG,2024:03:25 16:07:15.1360,1711363035.136,15.678872,85.86669569997221,140.897,6322,1014244858.0,15.6788925,85.8666756,323.87,-3.16,22.37,218.51,2.8709909145834285e-05
G0011008.JPG,2024:03:25 16:07:15.6370,1711363035.637,15.678871799972221,85.86669549999999,140.883,6322,1014244858.0,15.6788925,85.8666756,323.87,-3.16,22.37,218.51,2.8714128055264787e-05
G0011009.JPG,2024:03:25 16:07:16.1370,1711363036.137,15.6788714,85.86669519997221,140.849,6322,1014244858.0,15.6788925,85.8666756,323.87,-3.16,22.37,218.51,2.8798765789337312e-05
G0011010.JPG,2024:03:25 16:07:16.6380,1711363036.638,15.678870999972222,85.86669519997221,140.804,6322,1014244858.0,15.6788925,85.8666756,323.87,-3.16,22.37,218.51,2.9093128148141666e-05
G0011011.JPG,2024:03:25 16:07:17.1380,1711363037.138,15.678870699972222,85.86669489997222,140.774,6321,1014144838.0,15.6788893,85.8666725,324.08,-3.07,22.08,218.6,2.9115627905188695e-05
G0011012.JPG,2024:03:25 16:07:17.6390,1711363037.639,15.678870699972222,85.86669499999999,140.715,6322,1014244858.0,15.6788925,85.8666756,323.87,-3.16,22.37,218.51,2.9182207097471075e-05
G0011013.JPG,2024:03:25 16:07:18.1390,1711363038.139,15.678870499999999,85.86669499999999,140.7,6321,1014144838.0,15.6788893,85.8666725,324.08,-3.07,22.08,218.6,2.9320470654604473e-05
G0011014.JPG,2024:03:25 16:07:18.6400,1711363038.64,15.678870199999999,85.86669499999999,140.679,6321,1014144838.0,15.6788893,85.8666725,324.08,-3.07,22.08,218.6,2.9513725610408036e-05
G0011015.JPG,2024:03:25 16:07:19.1400,1711363039.14,15.678869899999999,85.86669489997222,140.676,6321,1014144838.0,15.6788893,85.8666725,324.08,-3.07,22.08,218.6,2.9633068606396625e-05
G0011016.JPG,2024:03:25 16:07:19.6410,1711363039.641,15.678869599999999,85.86669489997222,140.626,6321,1014144838.0,15.6788893,85.8666725,324.08,-3.07,22.08,218.6,2.9830332801198004e-05
G0011017.JPG,2024:03:25 16:07:20.1410,1711363040.141,15.678869399972221,85.86669469997221,140.615,6321,1014144838.0,15.6788893,85.8666725,324.08,-3.07,22.08,218.6,2.981358535276257e-05
G0011018.JPG,2024:03:25 16:07:20.6420,1711363040.642,15.678869199972223,85.86669449997221,140.644,6321,1014144838.0,15.6788893,85.8666725,324.08,-3.07,22.08,218.6,2.9799494855840828e-05
G0011019.JPG,2024:03:25 16:07:21.1420,1711363041.142,15.678868999999999,85.86669429999999,140.624,6321,1014144838.0,15.6788893,85.8666725,324.08,-3.07,22.08,218.6,2.978808485577087e-05
G0011020.JPG,2024:03:25 16:07:21.6430,1711363041.643,15.67886889997222,85.86669399997221,140.643,6321,1014144838.0,15.6788893,85.8666725,324.08,-3.07,22.08,218.6,2.96379813457267e-05
G0011021.JPG,2024:03:25 16:07:22.1430,1711363042.143,15.67886829997222,85.86669369997222,140.61,6321,1014144838.0,15.6788893,85.8666725,324.08,-3.07,22.08,218.6,2.984024109167837e-05
G0011022.JPG,2024:03:25 16:07:22.6440,1711363042.644,15.678867799999999,85.86669339999999,140.576,6321,1014144838.0,15.6788893,85.8666725,324.08,-3.07,22.08,218.6,2.9984329228010088e-05
G0011023.JPG,2024:03:25 16:07:23.1440,1711363043.144,15.678867099972221,85.86669309999999,140.557,6321,1014144838.0,15.6788893,85.8666725,324.08,-3.07,22.08,218.6,3.0285330322728757e-05
G0011024.JPG,2024:03:25 16:07:23.6450,1711363043.645,15.678866599972222,85.86669259997221,140.569,6321,1014144838.0,15.6788893,85.8666725,324.08,-3.07,22.08,218.6,3.0319962791856002e-05
G0011025.JPG,2024:03:25 16:07:24.1450,1711363044.145,15.678866199972221,85.86669239999999,140.659,6321,1014144838.0,15.6788893,85.8666725,324.08,-3.07,22.08,218.6,3.0489691417434126e-05
G0011026.JPG,2024:03:25 16:07:24.6460,1711363044.646,15.678865999972222,85.86669219999999,140.7,6321,1014144838.0,15.6788893,85.8666725,324.08,-3.07,22.08,218.6,3.0511986066126975e-05
G0011027.JPG,2024:03:25 16:07:25.1460,1711363045.146,15.678865599972221,85.86669189999999,140.747,6321,1014144838.0,15.6788893,85.8666725,324.08,-3.07,22.08,218.6,3.0627623416213045e-05
G0011028.JPG,2024:03:25 16:07:25.6470,1711363045.647,15.678865399972223,85.86669169999999,140.817,6321,1014144838.0,15.6788893,85.8666725,324.08,-3.07,22.08,218.6,3.0656994749891385e-05
G0011029.JPG,2024:03:25 16:07:26.1470,1711363046.147,15.678865,85.86669149999999,140.885,6321,1014144838.0,15.6788893,85.8666725,324.08,-3.07,22.08,218.6,3.08462315242113e-05
G0011030.JPG,2024:03:25 16:07:26.6480,1711363046.648,15.67886479997222,85.86669119999999,140.962,6320,1014044928.0,15.6788858,85.8666687,324.01,-3.15,21.73,218.69,3.077744573674627e-05
G0011031.JPG,2024:03:25 16:07:27.1480,1711363047.148,15.6788644,85.86669089997221,141.157,6320,1014044928.0,15.6788858,85.8666687,324.01,-3.15,21.73,218.69,3.083502498757231e-05
G0011032.JPG,2024:03:25 16:07:27.6490,1711363047.649,15.678864199972221,85.86669079999999,141.313,6320,1014044928.0,15.6788858,85.8666687,324.01,-3.15,21.73,218.69,3.090260829143336e-05
G0011033.JPG,2024:03:25 16:07:28.1490,1711363048.149,15.678863699999999,85.86669059997222,141.529,6320,1014044928.0,15.6788858,85.8666687,324.01,-3.15,21.73,218.69,3.11130002228091e-05
G0011034.JPG,2024:03:25 16:07:28.6500,1711363048.65,15.6788635,85.86669049999999,141.747,6320,1014044928.0,15.6788858,85.8666687,324.01,-3.15,21.73,218.69,3.118541324580673e-05
G0011035.JPG,2024:03:25 16:07:29.1500,1711363049.15,15.678863299972221,85.86669029999999,142.019,6320,1014044928.0,15.6788858,85.8666687,324.01,-3.15,21.73,218.69,3.118992223912624e-05
G0011036.JPG,2024:03:25 16:07:29.6510,1711363049.651,15.678863199999999,85.86669009997222,142.292,6320,1014044928.0,15.6788858,85.8666687,324.01,-3.15,21.73,218.69,3.1124247954475436e-05
G0011037.JPG,2024:03:25 16:07:30.1510,1711363050.151,15.678862899999999,85.86669009997222,142.562,6320,1014044928.0,15.6788858,85.8666687,324.01,-3.15,21.73,218.69,3.1342763291232695e-05
G0011038.JPG,2024:03:25 16:07:30.6520,1711363050.652,15.678862699972221,85.86668989997222,142.832,6320,1014044928.0,15.6788858,85.8666687,324.01,-3.15,21.73,218.69,3.135362985470537e-05
G0011039.JPG,2024:03:25 16:07:31.1520,1711363051.152,15.678862599999999,85.86668959999999,143.129,6320,1014044928.0,15.6788858,85.8666687,324.01,-3.15,21.73,218.69,3.122579061083186e-05
G0011040.JPG,2024:03:25 16:07:31.6530,1711363051.653,15.678862599999999,85.86668929999999,143.431,6320,1014044928.0,15.6788858,85.8666687,324.01,-3.15,21.73,218.69,3.10257957098769e-05
G0011041.JPG,2024:03:25 16:07:32.1530,1711363052.153,15.678862599999999,85.86668899997221,143.773,6320,1014044928.0,15.6788858,85.8666687,324.01,-3.15,21.73,218.69,3.082740455550544e-05
G0011042.JPG,2024:03:25 16:07:32.6540,1711363052.654,15.678862499972222,85.86668869997222,144.101,6320,1014044928.0,15.6788858,85.8666687,324.01,-3.15,21.73,218.69,3.07065169438806e-05
G0011043.JPG,2024:03:25 16:07:33.1540,1711363053.154,15.678862099972221,85.86668869997222,144.445,6320,1014044928.0,15.6788858,85.8666687,324.01,-3.15,21.73,218.69,3.1011130342183795e-05
G0011044.JPG,2024:03:25 16:07:33.6550,1711363053.655,15.678862099972221,85.86668849997221,144.754,6320,1014044928.0,15.6788858,85.8666687,324.01,-3.15,21.73,218.69,3.088252282640445e-05
G0011045.JPG,2024:03:25 16:07:34.1550,1711363054.155,15.678861799972221,85.86668839999999,145.122,6320,1014044928.0,15.6788858,85.8666687,324.01,-3.15,21.73,218.69,3.1049820170807314e-05
G0011046.JPG,2024:03:25 16:07:34.6560,1711363054.656,15.678861899972222,85.86668849997221,145.498,6320,1014044928.0,15.6788858,85.8666687,324.01,-3.15,21.73,218.69,3.103627276553514e-05
G0011047.JPG,2024:03:25 16:07:35.1560,1711363055.156,15.678861599972223,85.86668859999999,145.79,6320,1014044928.0,15.6788858,85.8666687,324.01,-3.15,21.73,218.69,3.133131570454172e-05
G0011048.JPG,2024:03:25 16:07:35.6570,1711363055.657,15.6788615,85.86668839999999,146.172,6320,1014044928.0,15.6788858,85.8666687,324.01,-3.15,21.73,218.69,3.128226333340072e-05
G0011049.JPG,2024:03:25 16:07:36.1570,1711363056.157,15.678861399999999,85.86668829999999,146.505,6320,1014044928.0,15.6788858,85.8666687,324.01,-3.15,21.73,218.69,3.129728422009847e-05
G0011050.JPG,2024:03:25 16:07:36.6580,1711363056.658,15.678861399999999,85.86668799997221,146.825,6319,1013944821.0,15.6788822,85.8666649,324.24,-3.24,21.24,218.78,3.108454143449878e-05
G0011051.JPG,2024:03:25 16:07:37.1580,1711363057.158,15.67886129997222,85.86668789999999,147.126,6319,1013944821.0,15.6788822,85.8666649,324.24,-3.24,21.24,218.78,3.107750248130845e-05
G0011052.JPG,2024:03:25 16:07:37.6590,1711363057.659,15.6788612,85.86668759999999,147.435,6319,1013944821.0,15.6788822,85.8666649,324.24,-3.24,21.24,218.78,3.092393893853049e-05
G0011053.JPG,2024:03:25 16:07:38.1590,1711363058.159,15.67886099997222,85.86668719999999,147.72,6319,1013944821.0,15.6788822,85.8666649,324.24,-3.24,21.24,218.78,3.0768997011848576e-05
G0011054.JPG,2024:03:25 16:07:38.6600,1711363058.66,15.6788609,85.86668669999999,148.002,6319,1013944821.0,15.6788822,85.8666649,324.24,-3.24,21.24,218.78,3.0478352963122345e-05
G0011055.JPG,2024:03:25 16:07:39.1600,1711363059.16,15.678860499999999,85.8666865,148.313,6319,1013944821.0,15.6788822,85.8666649,324.24,-3.24,21.24,218.78,3.0617805275894146e-05
G0011056.JPG,2024:03:25 16:07:39.6610,1711363059.661,15.678860199999999,85.86668619999999,148.621,6319,1013944821.0,15.6788822,85.8666649,324.24,-3.24,21.24,218.78,3.062172430581436e-05
G0011057.JPG,2024:03:25 16:07:40.1610,1711363060.161,15.678860199999999,85.86668589997221,148.967,6319,1013944821.0,15.6788822,85.8666649,324.24,-3.24,21.24,218.78,3.0413793462315235e-05
G0011058.JPG,2024:03:25 16:07:40.6620,1711363060.662,15.678859899999999,85.86668569999999,149.391,6319,1013944821.0,15.6788822,85.8666649,324.24,-3.24,21.24,218.78,3.04947536393802e-05
G0011059.JPG,2024:03:25 16:07:41.1620,1711363061.162,15.678859899999999,85.86668559997221,149.683,6319,1013944821.0,15.6788822,85.8666649,324.24,-3.24,21.24,218.78,3.0426614165753725e-05
G0011060.JPG,2024:03:25 16:07:41.6630,1711363061.663,15.678859199972221,85.86668549999999,150.077,6319,1013944821.0,15.6788822,85.8666649,324.24,-3.24,21.24,218.78,3.087654898501908e-05
G0011061.JPG,2024:03:25 16:07:42.1630,1711363062.163,15.678858999972222,85.8666853,150.374,6319,1013944821.0,15.6788822,85.8666649,324.24,-3.24,21.24,218.78,3.0893385841795326e-05
G0011062.JPG,2024:03:25 16:07:42.6640,1711363062.664,15.678858499999999,85.86668479999999,150.817,6319,1013944821.0,15.6788822,85.8666649,324.24,-3.24,21.24,218.78,3.094672841246385e-05
G0011063.JPG,2024:03:25 16:07:43.1640,1711363063.164,15.678858199999999,85.86668419997221,151.095,6319,1013944821.0,15.6788822,85.8666649,324.24,-3.24,21.24,218.78,3.0797547424069627e-05
G0011064.JPG,2024:03:25 16:07:43.6650,1711363063.665,15.678858399972222,85.86668339997222,151.477,6319,1013944821.0,15.6788822,85.8666649,324.24,-3.24,21.24,218.78,3.0144490278275753e-05
G0011065.JPG,2024:03:25 16:07:44.1650,1711363064.165,15.678858299972221,85.86668309999999,151.722,6318,1013844847.0,15.6788783,85.8666607,324.25,-3.26,20.99,218.74,3.0029337500986742e-05
G0011066.JPG,2024:03:25 16:07:44.6660,1711363064.666,15.678858099972222,85.86668259999999,152.082,6318,1013844847.0,15.6788783,85.8666607,324.25,-3.26,20.99,218.74,2.979347448475516e-05
G0011067.JPG,2024:03:25 16:07:45.1660,1711363065.166,15.678857999972221,85.86668229997221,152.38,6318,1013844847.0,15.6788783,85.8666607,324.25,-3.26,20.99,218.74,2.964202974570155e-05
G0011068.JPG,2024:03:25 16:07:45.6670,1711363065.667,15.678857599999999,85.86668199997222,152.674,6318,1013844847.0,15.6788783,85.8666607,324.25,-3.26,20.99,218.74,2.9701495189650802e-05
G0011069.JPG,2024:03:25 16:07:46.1670,1711363066.167,15.67885749997222,85.86668169999999,152.992,6318,1013844847.0,15.6788783,85.8666607,324.25,-3.26,20.99,218.74,2.9557421320965e-05
G0011070.JPG,2024:03:25 16:07:46.6680,1711363066.668,15.67885719997222,85.86668129997221,153.417,6318,1013844847.0,15.6788783,85.8666607,324.25,-3.26,20.99,218.74,2.948847279166154e-05
G0011071.JPG,2024:03:25 16:07:47.1680,1711363067.168,15.6788565,85.86668099997222,153.692,6318,1013844847.0,15.6788783,85.8666607,324.25,-3.26,20.99,218.74,2.9788065934345582e-05
G0011072.JPG,2024:03:25 16:07:47.6690,1711363067.669,15.6788559,85.86668059997221,154.114,6318,1013844847.0,15.6788783,85.8666607,324.25,-3.26,20.99,218.74,2.996279182821601e-05
G0011073.JPG,2024:03:25 16:07:48.1690,1711363068.169,15.678855399972221,85.86668059997221,154.383,6318,1013844847.0,15.6788783,85.8666607,324.25,-3.26,20.99,218.74,3.033842722402059e-05
G0011074.JPG,2024:03:25 16:07:48.6700,1711363068.67,15.678854799972221,85.86668059997221,154.751,6318,1013844847.0,15.6788783,85.8666607,324.25,-3.26,20.99,218.74,3.079383379438888e-05
G0011075.JPG,2024:03:25 16:07:49.1700,1711363069.17,15.678854499972221,85.86668039999999,155.086,6317,1013745075.0,15.678875,85.8666573,324.26,-3.45,21.01,218.64,3.0884642439006444e-05
G0011076.JPG,2024:03:25 16:07:49.6710,1711363069.671,15.678854399999999,85.86668009997221,155.436,6317,1013745075.0,15.678875,85.8666573,324.26,-3.45,21.01,218.64,3.0727816925501576e-05
G0011077.JPG,2024:03:25 16:07:50.1710,1711363070.171,15.6788539,85.86667969999999,155.78,6317,1013745075.0,15.678875,85.8666573,324.26,-3.45,21.01,218.64,3.077287766226509e-05
G0011078.JPG,2024:03:25 16:07:50.6720,1711363070.672,15.6788536,85.86667919997221,156.126,6317,1013745075.0,15.678875,85.8666573,324.26,-3.45,21.01,218.64,3.061974498289541e-05
G0011079.JPG,2024:03:25 16:07:51.1720,1711363071.172,15.67885339997222,85.86667899999999,156.437,6317,1013745075.0,15.678875,85.8666573,324.26,-3.45,21.01,218.64,3.061782486792172e-05
G0011080.JPG,2024:03:25 16:07:51.6730,1711363071.673,15.678853199999999,85.86667869997221,156.806,6317,1013745075.0,15.678875,85.8666573,324.26,-3.45,21.01,218.64,3.0548302910462555e-05
G0011081.JPG,2024:03:25 16:07:52.1730,1711363072.173,15.6788527,85.86667839997222,157.107,6317,1013745075.0,15.678875,85.8666573,324.26,-3.45,21.01,218.64,3.0700143769671075e-05
G0011082.JPG,2024:03:25 16:07:52.6740,1711363072.674,15.678852599999999,85.86667809999999,157.445,6317,1013745075.0,15.678875,85.8666573,324.26,-3.45,21.01,218.64,3.0567957071082055e-05
G0011083.JPG,2024:03:25 16:07:53.1740,1711363073.174,15.678852199972221,85.86667769997221,157.751,6317,1013745075.0,15.678875,85.8666573,324.26,-3.45,21.01,218.64,3.0594119256217286e-05
G0011084.JPG,2024:03:25 16:07:53.6750,1711363073.675,15.678852199972221,85.86667729999999,158.072,6317,1013745075.0,15.678875,85.8666573,324.26,-3.45,21.01,218.64,3.0328885017307542e-05
G0011085.JPG,2024:03:25 16:07:54.1750,1711363074.175,15.678851899972221,85.86667689999999,158.362,6317,1013745075.0,15.678875,85.8666573,324.26,-3.45,21.01,218.64,3.0294740185074083e-05
G0011086.JPG,2024:03:25 16:07:54.6760,1711363074.676,15.678851599972221,85.86667659999999,158.686,6317,1013745075.0,15.678875,85.8666573,324.26,-3.45,21.01,218.64,3.0332347414807534e-05
G0011087.JPG,2024:03:25 16:07:55.1760,1711363075.176,15.678851199999999,85.86667629997221,158.918,6317,1013745075.0,15.678875,85.8666573,324.26,-3.45,21.01,218.64,3.045388225041216e-05
G0011088.JPG,2024:03:25 16:07:55.6770,1711363075.677,15.678850899999999,85.86667589999999,159.294,6316,1013644839.0,15.6788712,85.8666533,324.16,-3.48,20.87,218.5,3.0378446302811083e-05
G0011089.JPG,2024:03:25 16:07:56.1770,1711363076.177,15.678850599999999,85.86667589999999,159.638,6316,1013644839.0,15.6788712,85.8666533,324.16,-3.48,20.87,218.5,3.057973184596994e-05
G0011090.JPG,2024:03:25 16:07:56.6780,1711363076.678,15.678850399972221,85.86667579997221,160.054,6316,1013644839.0,15.6788712,85.8666533,324.16,-3.48,20.87,218.5,3.064131043842234e-05
G0011091.JPG,2024:03:25 16:07:57.1780,1711363077.178,15.6788501,85.86667559997221,160.494,6316,1013644839.0,15.6788712,85.8666533,324.16,-3.48,20.87,218.5,3.0700142683656706e-05
G0011092.JPG,2024:03:25 16:07:57.6790,1711363077.679,15.678849999999999,85.86667519999999,160.963,6316,1013644839.0,15.6788712,85.8666533,324.16,-3.48,20.87,218.5,3.0480321516180656e-05
G0011093.JPG,2024:03:25 16:07:58.1790,1711363078.179,15.67884989997222,85.86667489999999,161.494,6316,1013644839.0,15.6788712,85.8666533,324.16,-3.48,20.87,218.5,3.033564212664286e-05
G0011094.JPG,2024:03:25 16:07:58.6800,1711363078.68,15.67884989997222,85.86667469999999,162.099,6316,1013644839.0,15.6788712,85.8666533,324.16,-3.48,20.87,218.5,3.0193561948486073e-05
G0011095.JPG,2024:03:25 16:07:59.1800,1711363079.18,15.678849699999999,85.86667429997222,162.801,6316,1013644839.0,15.6788712,85.8666533,324.16,-3.48,20.87,218.5,3.005409844500121e-05
G0011096.JPG,2024:03:25 16:07:59.6810,1711363079.681,15.6788492,85.86667389997221,163.467,6316,1013644839.0,15.6788712,85.8666533,324.16,-3.48,20.87,218.5,3.0138992274414147e-05
G0011097.JPG,2024:03:25 16:08:00.1810,1711363080.181,15.678848999972221,85.86667359997222,164.172,6316,1013644839.0,15.6788712,85.8666533,324.16,-3.48,20.87,218.5,3.0082056205178787e-05
G0011098.JPG,2024:03:25 16:08:00.6820,1711363080.682,15.678848799999999,85.86667339997221,164.848,6316,1013644839.0,15.6788712,85.8666533,324.16,-3.48,20.87,218.5,3.0095994471040265e-05
G0011099.JPG,2024:03:25 16:08:01.1820,1711363081.182,15.678848499999999,85.86667269997221,165.4,6316,1013644839.0,15.6788712,85.8666533,324.16,-3.48,20.87,218.5,2.986049098812633e-05
G0011100.JPG,2024:03:25 16:08:01.6830,1711363081.683,15.678848399972221,85.86667209999999,166.174,6315,1013544960.0,15.6788682,85.8666502,324.42,-3.43,20.67,218.35,2.9523737902722746e-05
G0011101.JPG,2024:03:25 16:08:02.1830,1711363082.183,15.678847499972221,85.86667149997221,166.921,6315,1013544960.0,15.6788682,85.8666502,324.42,-3.43,20.67,218.35,2.970151454957284e-05
G0011102.JPG,2024:03:25 16:08:02.6840,1711363082.684,15.678847199972221,85.86667109999999,167.684,6315,1013544960.0,15.6788682,85.8666502,324.42,-3.43,20.67,218.35,2.9627878198247344e-05
G0011103.JPG,2024:03:25 16:08:03.1840,1711363083.184,15.678846799999999,85.86667089999999,168.396,6315,1013544960.0,15.6788682,85.8666502,324.42,-3.43,20.67,218.35,2.9773310191824284e-05
G0011104.JPG,2024:03:25 16:08:03.6850,1711363083.685,15.678846599972221,85.86667079997221,169.083,6315,1013544960.0,15.6788682,85.8666502,324.42,-3.43,20.67,218.35,2.9848283960474146e-05
G0011105.JPG,2024:03:25 16:08:04.1850,1711363084.185,15.678846199999999,85.8666707,169.745,6315,1013544960.0,15.6788682,85.8666502,324.42,-3.43,20.67,218.35,3.0070749911927154e-05
G0011106.JPG,2024:03:25 16:08:04.6860,1711363084.686,15.678846199999999,85.8666707,170.442,6315,1013544960.0,15.6788682,85.8666502,324.42,-3.43,20.67,218.35,3.0070749911927154e-05
G0011107.JPG,2024:03:25 16:08:05.1860,1711363085.186,15.678845899999999,85.86667059999999,171.085,6315,1013544960.0,15.6788682,85.8666502,324.42,-3.43,20.67,218.35,3.0223335354089518e-05
G0011108.JPG,2024:03:25 16:08:05.6870,1711363085.687,15.67884579997222,85.86666999997222,171.798,6315,1013544960.0,15.6788682,85.8666502,324.42,-3.43,20.67,218.35,2.9896490504700137e-05
G0011109.JPG,2024:03:25 16:08:06.1870,1711363086.187,15.67884579997222,85.86666969999999,172.49,6315,1013544960.0,15.6788682,85.8666502,324.42,-3.43,20.67,218.35,2.9698674116137886e-05
G0011110.JPG,2024:03:25 16:08:06.6880,1711363086.688,15.67884579997222,85.86666909997221,173.207,6314,1013444838.0,15.6788648,85.8666468,324.36,-3.36,20.26,218.29,2.929658369846102e-05
G0011111.JPG,2024:03:25 16:08:07.1880,1711363087.188,15.6788457,85.86666879997222,173.884,6314,1013444838.0,15.6788648,85.8666468,324.36,-3.36,20.26,218.29,2.913432301627488e-05
G0011112.JPG,2024:03:25 16:08:07.6890,1711363087.689,15.67884549997222,85.86666869999999,174.538,6314,1013444838.0,15.6788648,85.8666468,324.36,-3.36,20.26,218.29,2.919077032127966e-05
G0011113.JPG,2024:03:25 16:08:08.1890,1711363088.189,15.678845199972221,85.86666839997221,175.243,6314,1013444838.0,15.6788648,85.8666468,324.36,-3.36,20.26,218.29,2.9167102848646883e-05
G0011114.JPG,2024:03:25 16:08:08.6900,1711363088.69,15.678844699999999,85.86666829999999,175.872,6314,1013444838.0,15.6788648,85.8666468,324.36,-3.36,20.26,218.29,2.9432295179200732e-05
G0011115.JPG,2024:03:25 16:08:09.1900,1711363089.19,15.678844399972222,85.86666779999999,176.558,6314,1013444838.0,15.6788648,85.8666468,324.36,-3.36,20.26,218.29,2.927731430436486e-05
G0011116.JPG,2024:03:25 16:08:09.6910,1711363089.691,15.6788445,85.86666739997221,177.22,6314,1013444838.0,15.6788648,85.8666468,324.36,-3.36,20.26,218.29,2.8921425540688102e-05
G0011117.JPG,2024:03:25 16:08:10.1910,1711363090.191,15.678844099972222,85.86666709999999,177.954,6314,1013444838.0,15.6788648,85.8666468,324.36,-3.36,20.26,218.29,2.899277754048211e-05
G0011118.JPG,2024:03:25 16:08:10.6920,1711363090.692,15.678843399972221,85.86666719997221,178.622,6314,1013444838.0,15.6788648,85.8666468,324.36,-3.36,20.26,218.29,2.956552139346481e-05
G0011119.JPG,2024:03:25 16:08:11.1920,1711363091.192,15.678842999999999,85.86666729999999,179.251,6314,1013444838.0,15.6788648,85.8666468,324.36,-3.36,20.26,218.29,2.9924738923807653e-05
G0011120.JPG,2024:03:25 16:08:11.6930,1711363091.693,15.678842699999999,85.86666719997221,179.959,6314,1013444838.0,15.6788648,85.8666468,324.36,-3.36,20.26,218.29,3.0076051376246568e-05
G0011121.JPG,2024:03:25 16:08:12.1930,1711363092.193,15.678842599972223,85.86666719997221,180.614,6314,1013444838.0,15.6788648,85.8666468,324.36,-3.36,20.26,218.29,3.0149628516029e-05
G0011122.JPG,2024:03:25 16:08:12.6940,1711363092.694,15.6788425,85.86666679999999,181.303,6314,1013444838.0,15.6788648,85.8666468,324.36,-3.36,20.26,218.29,2.995479927594416e-05
G0011123.JPG,2024:03:25 16:08:13.1940,1711363093.194,15.678842399999999,85.86666649997221,182.061,6314,1013444838.0,15.6788648,85.8666468,324.36,-3.36,20.26,218.29,2.9830335318969535e-05
G0011124.JPG,2024:03:25 16:08:13.6950,1711363093.695,15.678842099999999,85.86666629999999,182.765,6314,1013444838.0,15.6788648,85.8666468,324.36,-3.36,20.26,218.29,2.9925574343188584e-05
G0011125.JPG,2024:03:25 16:08:14.1950,1711363094.195,15.678842099999999,85.86666609999999,183.439,6314,1013444838.0,15.6788648,85.8666468,324.36,-3.36,20.26,218.29,2.9795637259205083e-05
G0011126.JPG,2024:03:25 16:08:14.6960,1711363094.696,15.6788422,85.86666569997222,184.16,6314,1013444838.0,15.6788648,85.8666468,324.36,-3.36,20.26,218.29,2.9461312764872433e-05
G0011127.JPG,2024:03:25 16:08:15.1960,1711363095.196,15.6788425,85.86666539999999,184.87,6314,1013444838.0,15.6788648,85.8666468,324.36,-3.36,20.26,218.29,2.9038767184647352e-05
G0011128.JPG,2024:03:25 16:08:15.6970,1711363095.697,15.678842999999999,85.86666509999999,185.597,6314,1013444838.0,15.6788648,85.8666468,324.36,-3.36,20.26,218.29,2.8462782713527302e-05
G0011129.JPG,2024:03:25 16:08:16.1970,1711363096.197,15.678842899972222,85.86666489999999,186.302,6314,1013444838.0,15.6788648,85.8666468,324.36,-3.36,20.26,218.29,2.8411638747485005e-05
G0011130.JPG,2024:03:25 16:08:16.6980,1711363096.698,15.678842599972223,85.8666647,186.972,6313,1013344966.0,15.6788621,85.8666439,324.34,-3.42,19.72,218.29,2.8511244858495556e-05
G0011131.JPG,2024:03:25 16:08:17.1980,1711363097.198,15.678842799972221,85.86666449997222,187.679,6313,1013344966.0,15.6788621,85.8666439,324.34,-3.42,19.72,218.29,2.8228530383167817e-05
G0011132.JPG,2024:03:25 16:08:17.6990,1711363097.699,15.67884229997222,85.86666429997221,188.322,6313,1013344966.0,15.6788621,85.8666439,324.34,-3.42,19.72,218.29,2.842885798638885e-05
G0011133.JPG,2024:03:25 16:08:18.1990,1711363098.199,15.6788419,85.86666419999999,189.026,6313,1013344966.0,15.6788621,85.8666439,324.34,-3.42,19.72,218.29,2.8637911926792174e-05
G0011134.JPG,2024:03:25 16:08:18.7000,1711363098.7,15.6788413,85.86666409997221,189.714,6313,1013344966.0,15.6788621,85.8666439,324.34,-3.42,19.72,218.29,2.8994462874206755e-05
G0011135.JPG,2024:03:25 16:08:19.2000,1711363099.2,15.678841199999999,85.866664,190.394,6313,1013344966.0,15.6788621,85.8666439,324.34,-3.42,19.72,218.29,2.8996896386566334e-05
G0011136.JPG,2024:03:25 16:08:19.7010,1711363099.701,15.678840699999999,85.86666389999999,191.095,6313,1013344966.0,15.6788621,85.8666439,324.34,-3.42,19.72,218.29,2.9290954230702297e-05
G0011137.JPG,2024:03:25 16:08:20.2010,1711363100.201,15.678840599972222,85.86666369999999,191.795,6313,1013344966.0,15.6788621,85.8666439,324.34,-3.42,19.72,218.29,2.92282601951768e-05
G0011138.JPG,2024:03:25 16:08:20.7020,1711363100.702,15.678841,85.86666389999999,192.48,6313,1013344966.0,15.6788621,85.8666439,324.34,-3.42,19.72,218.29,2.9072495587260437e-05
G0011139.JPG,2024:03:25 16:08:21.2020,1711363101.202,15.678841099972221,85.86666389999999,193.23,6313,1013344966.0,15.6788621,85.8666439,324.34,-3.42,19.72,218.29,2.9000020110367317e-05
G0011140.JPG,2024:03:25 16:08:21.7030,1711363101.703,15.678841099972221,85.86666379997222,193.925,6313,1013344966.0,15.6788621,85.8666439,324.34,-3.42,19.72,218.29,2.8931126160382076e-05
G0011141.JPG,2024:03:25 16:08:22.2030,1711363102.203,15.678841099972221,85.8666635,194.593,6313,1013344966.0,15.6788621,85.8666439,324.34,-3.42,19.72,218.29,2.872561864924455e-05
G0011142.JPG,2024:03:25 16:08:22.7040,1711363102.704,15.678840899999999,85.86666319999999,195.231,6313,1013344966.0,15.6788621,85.8666439,324.34,-3.42,19.72,218.29,2.8669321577084415e-05
G0011143.JPG,2024:03:25 16:08:23.2040,1711363103.204,15.678840799972221,85.8666628,195.936,6313,1013344966.0,15.6788621,85.8666439,324.34,-3.42,19.72,218.29,2.8476326718947093e-05
G0011144.JPG,2024:03:25 16:08:23.7050,1711363103.705,15.678840299972222,85.86666249999999,196.597,6313,1013344966.0,15.6788621,85.8666439,324.34,-3.42,19.72,218.29,2.8656608500186733e-05
G0011145.JPG,2024:03:25 16:08:24.2050,1711363104.205,15.678839999972222,85.86666209997222,197.308,6313,1013344966.0,15.6788621,85.8666439,324.34,-3.42,19.72,218.29,2.8629533989929768e-05
G0011146.JPG,2024:03:25 16:08:24.7060,1711363104.706,15.678839599972221,85.86666169997221,197.976,6313,1013344966.0,15.6788621,85.8666439,324.34,-3.42,19.72,218.29,2.8689549679505874e-05
G0011147.JPG,2024:03:25 16:08:25.2060,1711363105.206,15.678839299972221,85.86666139997222,198.693,6313,1013344966.0,15.6788621,85.8666439,324.34,-3.42,19.72,218.29,2.8741786553315174e-05
G0011148.JPG,2024:03:25 16:08:25.7070,1711363105.707,15.678838899999999,85.86666089997222,199.383,6312,1013244917.0,15.6788581,85.8666395,324.45,-3.17,19.49,218.23,2.8750631483471865e-05
G0011149.JPG,2024:03:25 16:08:26.2070,1711363106.207,15.678839199999999,85.86666079999999,200.0,6313,1013344966.0,15.6788621,85.8666439,324.34,-3.42,19.72,218.29,2.846085029937851e-05
G0011150.JPG,2024:03:25 16:08:26.7080,1711363106.708,15.678839399972222,85.86666049997221,200.677,6312,1013244917.0,15.6788581,85.8666395,324.45,-3.17,19.49,218.23,2.8119208231548378e-05
G0011151.JPG,2024:03:25 16:08:27.2080,1711363107.208,15.678839099972222,85.86666029999999,201.319,6312,1013244917.0,15.6788581,85.8666395,324.45,-3.17,19.49,218.23,2.8171635646390668e-05
G0011152.JPG,2024:03:25 16:08:27.7090,1711363107.709,15.678838599999999,85.86666009999999,202.018,6312,1013244917.0,15.6788581,85.8666395,324.45,-3.17,19.49,218.23,2.8365648228079657e-05
G0011153.JPG,2024:03:25 16:08:28.2090,1711363108.209,15.67883849997222,85.86666019997222,202.662,6312,1013244917.0,15.6788581,85.8666395,324.45,-3.17,19.49,218.23,2.8507015600661533e-05
G0011154.JPG,2024:03:25 16:08:28.7100,1711363108.71,15.678837999999999,85.86665989999999,203.395,6312,1013244917.0,15.6788581,85.8666395,324.45,-3.17,19.49,218.23,2.86386102893744e-05
G0011155.JPG,2024:03:25 16:08:29.2100,1711363109.21,15.6788381,85.86665969997222,204.126,6312,1013244917.0,15.6788581,85.8666395,324.45,-3.17,19.49,218.23,2.8426024648999623e-05
G0011156.JPG,2024:03:25 16:08:29.7110,1711363109.711,15.6788378,85.86665959999999,204.839,6312,1013244917.0,15.6788581,85.8666395,324.45,-3.17,19.49,218.23,2.8567464000373225e-05
G0011157.JPG,2024:03:25 16:08:30.2110,1711363110.211,15.678836899999999,85.86665929997221,205.561,6312,1013244917.0,15.6788581,85.8666395,324.45,-3.17,19.49,218.23,2.9008255712058466e-05
G0011158.JPG,2024:03:25 16:08:30.7120,1711363110.712,15.678836499972222,85.8666592,206.225,6312,1013244917.0,15.6788581,85.8666395,324.45,-3.17,19.49,218.23,2.9234418068471757e-05
G0011159.JPG,2024:03:25 16:08:31.2120,1711363111.212,15.678836099972221,85.86665899997222,206.902,6312,1013244917.0,15.6788581,85.8666395,324.45,-3.17,19.49,218.23,2.939813154739442e-05
G0011160.JPG,2024:03:25 16:08:31.7130,1711363111.713,15.678835599972222,85.86665899997222,207.615,6312,1013244917.0,15.6788581,85.8666395,324.45,-3.17,19.49,218.23,2.977415265291845e-05
G0011161.JPG,2024:03:25 16:08:32.2130,1711363112.213,15.678835299972222,85.86665879997221,208.363,6312,1013244917.0,15.6788581,85.8666395,324.45,-3.17,19.49,218.23,2.9871896389225466e-05
G0011162.JPG,2024:03:25 16:08:32.7140,1711363112.714,15.678835099999999,85.86665829997222,209.077,6311,1013144831.0,15.678856,85.8666372,324.52,-3.31,19.38,218.2,2.9698801786243653e-05
G0011163.JPG,2024:03:25 16:08:33.2140,1711363113.214,15.678835399999999,85.866658,209.779,6311,1013144831.0,15.678856,85.8666372,324.52,-3.31,19.38,218.2,2.9274562338316142e-05
G0011164.JPG,2024:03:25 16:08:33.7150,1711363113.715,15.6788349,85.86665739997221,210.546,6311,1013144831.0,15.678856,85.8666372,324.52,-3.31,19.38,218.2,2.92104241215632e-05
G0011165.JPG,2024:03:25 16:08:34.2150,1711363114.215,15.6788343,85.8666568,211.292,6311,1013144831.0,15.678856,85.8666372,324.52,-3.31,19.38,218.2,2.9241238004689904e-05
G0011166.JPG,2024:03:25 16:08:34.7160,1711363114.716,15.678834,85.86665659997222,211.984,6310,1013044919.0,15.6788538,85.866635,324.5,-3.36,19.33,218.14,2.930185659102759e-05
G0011167.JPG,2024:03:25 16:08:35.2160,1711363115.216,15.678833799972221,85.86665629999999,212.708,6310,1013044919.0,15.6788538,85.866635,324.5,-3.36,19.33,218.14,2.921799292546335e-05
G0011168.JPG,2024:03:25 16:08:35.7170,1711363115.717,15.678833599999999,85.86665599999999,213.399,6310,1013044919.0,15.6788538,85.866635,324.5,-3.36,19.33,218.14,2.9138290952414598e-05
G0011169.JPG,2024:03:25 16:08:36.2170,1711363116.217,15.678833499972221,85.86665579999999,214.124,6310,1013044919.0,15.6788538,85.866635,324.5,-3.36,19.33,218.14,2.9064258588941114e-05
G0011170.JPG,2024:03:25 16:08:36.7180,1711363116.718,15.678832899972221,85.86665579999999,214.761,6310,1013044919.0,15.6788538,85.866635,324.5,-3.36,19.33,218.14,2.9486457241528465e-05
G0011171.JPG,2024:03:25 16:08:37.2180,1711363117.218,15.678832199999999,85.86665549997221,215.497,6310,1013044919.0,15.6788538,85.866635,324.5,-3.36,19.33,218.14,2.9779336134977485e-05
G0011172.JPG,2024:03:25 16:08:37.7190,1711363117.719,15.678831999972221,85.86665509999999,216.212,6310,1013044919.0,15.6788538,85.866635,324.5,-3.36,19.33,218.14,2.9652170420192583e-05
G0011173.JPG,2024:03:25 16:08:38.2190,1711363118.219,15.678831799972222,85.86665499997221,216.855,6310,1013044919.0,15.6788538,85.866635,324.5,-3.36,19.33,218.14,2.9732139355226204e-05
G0011174.JPG,2024:03:25 16:08:38.7200,1711363118.72,15.678831599999999,85.86665479999999,217.51,6310,1013044919.0,15.6788538,85.866635,324.5,-3.36,19.33,218.14,2.9746932609575984e-05
G0011175.JPG,2024:03:25 16:08:39.2200,1711363119.22,15.678831399972221,85.86665469997222,218.192,6310,1013044919.0,15.6788538,85.866635,324.5,-3.36,19.33,218.14,2.9830356178350784e-05
G0011176.JPG,2024:03:25 16:08:39.7210,1711363119.721,15.67883119997222,85.86665429997221,218.88,6310,1013044919.0,15.6788538,85.866635,324.5,-3.36,19.33,218.14,2.971952528074937e-05
G0011177.JPG,2024:03:25 16:08:40.2210,1711363120.221,15.6788308,85.86665399997221,219.517,6310,1013044919.0,15.6788538,85.866635,324.5,-3.36,19.33,218.14,2.983285008340394e-05
G0011178.JPG,2024:03:25 16:08:40.7220,1711363120.722,15.6788305,85.86665389999999,220.194,6309,1012944822.0,15.6788517,85.8666327,324.37,-3.26,19.09,218.08,2.9981327515949324e-05
G0011179.JPG,2024:03:25 16:08:41.2220,1711363121.222,15.678830399999999,85.86665409999999,220.844,6309,1012944822.0,15.6788517,85.8666327,324.37,-3.26,19.09,218.08,3.019354235204983e-05
G0011180.JPG,2024:03:25 16:08:41.7230,1711363121.723,15.6788296,85.86665389999999,221.517,6309,1012944822.0,15.6788517,85.8666327,324.37,-3.26,19.09,218.08,3.062433672115533e-05
G0011181.JPG,2024:03:25 16:08:42.2230,1711363122.223,15.678828999999999,85.86665389999999,222.188,6309,1012944822.0,15.6788517,85.8666327,324.37,-3.26,19.09,218.08,3.106010302117155e-05
G0011182.JPG,2024:03:25 16:08:42.7240,1711363122.724,15.678828599972222,85.8666537,222.81,6309,1012944822.0,15.6788517,85.8666327,324.37,-3.26,19.09,218.08,3.121876492513939e-05
G0011183.JPG,2024:03:25 16:08:43.2240,1711363123.224,15.678828299972222,85.86665359999999,223.482,6309,1012944822.0,15.6788517,85.8666327,324.37,-3.26,19.09,218.08,3.137469202667017e-05
G0011184.JPG,2024:03:25 16:08:43.7250,1711363123.725,15.678827899972221,85.86665279997221,224.213,6309,1012944822.0,15.6788517,85.8666327,324.37,-3.26,19.09,218.08,3.115204977848626e-05
G0011185.JPG,2024:03:25 16:08:44.2250,1711363124.225,15.678827999972222,85.8666525,224.901,6309,1012944822.0,15.6788517,85.8666327,324.37,-3.26,19.09,218.08,3.088254064640927e-05
G0011186.JPG,2024:03:25 16:08:44.7260,1711363124.726,15.678828199972221,85.86665229997222,225.6,6309,1012944822.0,15.6788517,85.8666327,324.37,-3.26,19.09,218.08,3.06008205211566e-05
G0011187.JPG,2024:03:25 16:08:45.2260,1711363125.226,15.678828199972221,85.86665219999999,226.263,6309,1012944822.0,15.6788517,85.8666327,324.37,-3.26,19.09,218.08,3.053688434184644e-05
G0011188.JPG,2024:03:25 16:08:45.7270,1711363125.727,15.678827999972222,85.86665199999999,226.91,6309,1012944822.0,15.6788517,85.8666327,324.37,-3.26,19.09,218.08,3.056437986076763e-05
G0011189.JPG,2024:03:25 16:08:46.2270,1711363126.227,15.678827599972221,85.86665179997222,227.582,6309,1012944822.0,15.6788517,85.8666327,324.37,-3.26,19.09,218.08,3.0750939460865847e-05
G0011190.JPG,2024:03:25 16:08:46.7280,1711363126.728,15.67882709997222,85.86665149999999,228.253,6308,1012845070.0,15.6788492,85.8666299,324.67,-3.29,18.93,218.02,3.090260874244621e-05
G0011191.JPG,2024:03:25 16:08:47.2280,1711363127.228,15.678827,85.86665119999999,228.938,6308,1012845070.0,15.6788492,85.8666299,324.67,-3.29,18.93,218.02,3.0765727675578445e-05
G0011192.JPG,2024:03:25 16:08:47.7290,1711363127.729,15.67882679997222,85.86665099999999,229.584,6308,1012845070.0,15.6788492,85.8666299,324.67,-3.29,18.93,218.02,3.077289787824811e-05
G0011193.JPG,2024:03:25 16:08:48.2290,1711363128.229,15.67882679997222,85.86665089997221,230.314,6308,1012845070.0,15.6788492,85.8666299,324.67,-3.29,18.93,218.02,3.0704398336804936e-05
G0011194.JPG,2024:03:25 16:08:48.7300,1711363128.73,15.678826599999999,85.86665049999999,231.041,6307,1012744845.0,15.6788473,85.866628,324.93,-3.38,18.78,218.06,3.0573517942417105e-05
G0011195.JPG,2024:03:25 16:08:49.2300,1711363129.23,15.678826299999999,85.86665029999999,231.731,6307,1012744845.0,15.6788473,85.866628,324.93,-3.38,18.78,218.06,3.063151970234177e-05
G0011196.JPG,2024:03:25 16:08:49.7310,1711363129.731,15.678825999999999,85.86664989997222,232.433,6307,1012744845.0,15.6788473,85.866628,324.93,-3.38,18.78,218.06,3.0549939162681084e-05
G0011197.JPG,2024:03:25 16:08:50.2310,1711363130.231,15.678825899972221,85.86664949997221,233.123,6307,1012744845.0,15.6788473,85.866628,324.93,-3.38,18.78,218.06,3.03349632235755e-05
G0011198.JPG,2024:03:25 16:08:50.7320,1711363130.732,15.678825399972222,85.86664919997222,233.787,6307,1012744845.0,15.6788473,85.866628,324.93,-3.38,18.78,218.06,3.0480322149341128e-05
G0011199.JPG,2024:03:25 16:08:51.2320,1711363131.232,15.678824699972221,85.86664899997221,234.446,6307,1012744845.0,15.6788473,85.866628,324.93,-3.38,18.78,218.06,3.08506092043897e-05
G0011200.JPG,2024:03:25 16:08:51.7330,1711363131.733,15.678824299999999,85.86664909999999,235.13,6307,1012744845.0,15.6788473,85.866628,324.93,-3.38,18.78,218.06,3.1212337293711873e-05
G0011201.JPG,2024:03:25 16:08:52.2330,1711363132.233,15.67882359997222,85.86664899997221,235.812,6307,1012744845.0,15.6788473,85.866628,324.93,-3.38,18.78,218.06,3.1665283030690026e-05
G0011202.JPG,2024:03:25 16:08:52.7340,1711363132.734,15.6788226,85.86664859999999,236.358,6307,1012744845.0,15.6788473,85.866628,324.93,-3.38,18.78,218.06,3.216286677731039e-05
G0011203.JPG,2024:03:25 16:08:53.2340,1711363133.234,15.678822199999999,85.8666482,236.85,6306,1012644943.0,15.6788452,85.8666257,324.67,-3.48,18.25,218.06,3.217530108681119e-05
G0011204.JPG,2024:03:25 16:08:53.7350,1711363133.735,15.678821899999999,85.86664799997222,237.248,6306,1012644943.0,15.6788452,85.8666257,324.67,-3.48,18.25,218.06,3.2251802443190075e-05
G0011205.JPG,2024:03:25 16:08:54.2350,1711363134.235,15.678821599972222,85.86664759997221,237.549,6306,1012644943.0,15.6788452,85.8666257,324.67,-3.48,18.25,218.06,3.219580863910079e-05
G0011206.JPG,2024:03:25 16:08:54.7360,1711363134.736,15.678821499972221,85.86664719999999,237.797,6306,1012644943.0,15.6788452,85.8666257,324.67,-3.48,18.25,218.06,3.199908305251174e-05
G0011207.JPG,2024:03:25 16:08:55.2360,1711363135.236,15.678821299972222,85.86664669999999,238.068,6306,1012644943.0,15.6788452,85.8666257,324.67,-3.48,18.25,218.06,3.1815268776477745e-05
G0011208.JPG,2024:03:25 16:08:55.7370,1711363135.737,15.678820899972221,85.86664639997221,238.315,6305,1012545039.0,15.6788436,85.866624,324.71,-3.15,17.54,217.99,3.1891221616107013e-05
G0011209.JPG,2024:03:25 16:08:56.2370,1711363136.237,15.678820399972222,85.86664609997221,238.581,6304,1012445048.0,15.6788415,85.866622,324.7,-3.09,16.68,218.03,3.203154433799803e-05
G0011210.JPG,2024:03:25 16:08:56.7380,1711363136.738,15.6788197,85.86664589997221,238.814,6304,1012445048.0,15.6788415,85.866622,324.7,-3.09,16.68,218.03,3.234885888973516e-05
G0011211.JPG,2024:03:25 16:08:57.2380,1711363137.238,15.67881919997222,85.86664559997222,239.08,6304,1012445048.0,15.6788415,85.866622,324.7,-3.09,16.68,218.03,3.246921507008574e-05
G0011212.JPG,2024:03:25 16:08:57.7390,1711363137.739,15.678818899972221,85.86664539997221,239.34,6304,1012445048.0,15.6788415,85.866622,324.7,-3.09,16.68,218.03,3.253182987383575e-05
G0011213.JPG,2024:03:25 16:08:58.2390,1711363138.239,15.678818399999999,85.86664529999999,239.54,6304,1012445048.0,15.6788415,85.866622,324.7,-3.09,16.68,218.03,3.281005942073738e-05
G0011214.JPG,2024:03:25 16:08:58.7400,1711363138.74,15.678817999972221,85.86664529999999,239.738,6304,1012445048.0,15.6788415,85.866622,324.7,-3.09,16.68,218.03,3.309291925414113e-05
G0011215.JPG,2024:03:25 16:08:59.2400,1711363139.24,15.678817699972221,85.86664509997222,239.937,6304,1012445048.0,15.6788415,85.866622,324.7,-3.09,16.68,218.03,3.316700225291778e-05
G0011216.JPG,2024:03:25 16:08:59.7410,1711363139.741,15.678817399972221,85.86664489997221,240.138,6304,1012445048.0,15.6788415,85.866622,324.7,-3.09,16.68,218.03,3.3244850219534955e-05
G0011217.JPG,2024:03:25 16:09:00.2410,1711363140.241,15.678816899972222,85.86664469997221,240.358,6304,1012445048.0,15.6788415,85.866622,324.7,-3.09,16.68,218.03,3.3473125113252e-05
G0011218.JPG,2024:03:25 16:09:00.7420,1711363140.742,15.678816799972221,85.86664439997222,240.548,6304,1012445048.0,15.6788415,85.866622,324.7,-3.09,16.68,218.03,3.334441673351812e-05
G0011219.JPG,2024:03:25 16:09:01.2420,1711363141.242,15.678816499972221,85.86664419997221,240.753,6304,1012445048.0,15.6788415,85.866622,324.7,-3.09,16.68,218.03,3.343411663221143e-05
G0011220.JPG,2024:03:25 16:09:01.7430,1711363141.743,15.678816199972221,85.86664389997222,240.951,6304,1012445048.0,15.6788415,85.866622,324.7,-3.09,16.68,218.03,3.346192147015744e-05
G0011221.JPG,2024:03:25 16:09:02.2430,1711363142.243,15.6788159,85.86664369997222,241.145,6304,1012445048.0,15.6788415,85.866622,324.7,-3.09,16.68,218.03,3.355963041938797e-05
G0011222.JPG,2024:03:25 16:09:02.7440,1711363142.744,15.6788156,85.8666434,241.333,6304,1012445048.0,15.6788415,85.866622,324.7,-3.09,16.68,218.03,3.359717249697051e-05
G0011223.JPG,2024:03:25 16:09:03.2440,1711363143.244,15.678815199999999,85.86664309999999,241.472,6303,1012344845.0,15.6788402,85.8666205,324.67,-2.83,15.9,218.06,3.370103855632339e-05
G0011224.JPG,2024:03:25 16:09:03.7450,1711363143.745,15.678814899999999,85.86664289999999,241.542,6303,1012344845.0,15.6788402,85.8666205,324.67,-2.83,15.9,218.06,3.379127105733926e-05
G0011225.JPG,2024:03:25 16:09:04.2450,1711363144.245,15.678814199972221,85.86664259999999,241.54,6303,1012344845.0,15.6788402,85.8666205,324.67,-2.83,15.9,218.06,3.4123473508579946e-05
G0011226.JPG,2024:03:25 16:09:04.7460,1711363144.746,15.678813799999999,85.8666422,241.5,6303,1012344845.0,15.6788402,85.8666205,324.67,-2.83,15.9,218.06,3.417382039333793e-05
G0011227.JPG,2024:03:25 16:09:05.2460,1711363145.246,15.678812999972221,85.86664169999999,241.453,6301,1012144836.0,15.6788369,85.866617,324.74,-2.44,14.83,218.08,3.437006440212895e-05
G0011228.JPG,2024:03:25 16:09:05.7470,1711363145.747,15.678812399972221,85.86664139999999,241.387,6301,1012144836.0,15.6788369,85.866617,324.74,-2.44,14.83,218.08,3.4577613574718876e-05
G0011229.JPG,2024:03:25 16:09:06.2470,1711363146.247,15.67881189997222,85.86664129997222,241.363,6301,1012144836.0,15.6788369,85.866617,324.74,-2.44,14.83,218.08,3.486387870566449e-05
G0011230.JPG,2024:03:25 16:09:06.7480,1711363146.748,15.678811399999999,85.86664129997222,241.291,6301,1012144836.0,15.6788369,85.866617,324.74,-2.44,14.83,218.08,3.5224120279946586e-05
G0011231.JPG,2024:03:25 16:09:07.2480,1711363147.248,15.6788109,85.86664129997222,241.25,6301,1012144836.0,15.6788369,85.866617,324.74,-2.44,14.83,218.08,3.558775982598293e-05
G0011232.JPG,2024:03:25 16:09:07.7490,1711363147.749,15.678810399972221,85.86664129997222,241.234,6301,1012144836.0,15.6788369,85.866617,324.74,-2.44,14.83,218.08,3.5954695405876494e-05
G0011233.JPG,2024:03:25 16:09:08.2490,1711363148.249,15.678809999999999,85.86664109997221,241.232,6301,1012144836.0,15.6788369,85.866617,324.74,-2.44,14.83,218.08,3.6116736570780684e-05
G0011234.JPG,2024:03:25 16:09:08.7500,1711363148.75,15.678809799972221,85.86664069999999,241.254,6299,1011945033.0,15.678835,85.866615,324.91,-2.21,13.35,218.29,3.599349107489997e-05
G0011235.JPG,2024:03:25 16:09:09.2500,1711363149.25,15.678809399999999,85.86664039997221,241.236,6299,1011945033.0,15.678835,85.866615,324.91,-2.21,13.35,218.29,3.606270356781786e-05
G0011236.JPG,2024:03:25 16:09:09.7510,1711363149.751,15.678808999972222,85.86664009997222,241.237,6299,1011945033.0,15.678835,85.866615,324.91,-2.21,13.35,218.29,3.613876104457642e-05
G0011237.JPG,2024:03:25 16:09:10.2510,1711363150.251,15.678808699972222,85.86663959997222,241.246,6299,1011945033.0,15.678835,85.866615,324.91,-2.21,13.35,218.29,3.601180493037031e-05
G0011238.JPG,2024:03:25 16:09:10.7520,1711363150.752,15.67880839997222,85.86663929999999,241.238,6299,1011945033.0,15.678835,85.866615,324.91,-2.21,13.35,218.29,3.6028481476021766e-05
G0011239.JPG,2024:03:25 16:09:11.2520,1711363151.252,15.67880809997222,85.86663889997222,241.263,6299,1011945033.0,15.678835,85.866615,324.91,-2.21,13.35,218.29,3.598360969392933e-05
G0011240.JPG,2024:03:25 16:09:11.7530,1711363151.753,15.678807599999999,85.86663839997222,241.264,6298,1011844843.0,15.6788338,85.8666137,325.05,-2.0,12.56,218.32,3.600734129952566e-05
